,artist_uri,related_uri,cluster
0,spotify:artist:2Ilw96AgJxhArKIpy3b1oY,spotify:artist:0kfqVAInJjLCEMm7XafFNH,1
1,spotify:artist:2Ilw96AgJxhArKIpy3b1oY,spotify:artist:6guhoJkgdjHGLR8VDuiBij,1
2,spotify:artist:2Ilw96AgJxhArKIpy3b1oY,spotify:artist:1ppiD0FZo4EJPd16jpxFCO,1
3,spotify:artist:2Ilw96AgJxhArKIpy3b1oY,spotify:artist:6vfqHxgPuMacvHwNq64Mjg,1
4,spotify:artist:2Ilw96AgJxhArKIpy3b1oY,spotify:artist:6LKu24jU4E3rlV8DTFSI2X,1
5,spotify:artist:2Ilw96AgJxhArKIpy3b1oY,spotify:artist:0CA8v6MOoW3PshEsom6x8E,1
6,spotify:artist:2Ilw96AgJxhArKIpy3b1oY,spotify:artist:6ZCOlOlt0j2f0WWLrBS4qe,1
7,spotify:artist:2Ilw96AgJxhArKIpy3b1oY,spotify:artist:6hYBRtEM8rTboQOTDFfd0R,1
8,spotify:artist:2Ilw96AgJxhArKIpy3b1oY,spotify:artist:429mpc0P2wGkdfwO6oq53K,1
9,spotify:artist:2Ilw96AgJxhArKIpy3b1oY,spotify:artist:4GfarKeZ7psDlMyQxyIwEV,1
10,spotify:artist:2Ilw96AgJxhArKIpy3b1oY,spotify:artist:6HuCVd1gfnmbI1IAbQgrbH,1
11,spotify:artist:2Ilw96AgJxhArKIpy3b1oY,spotify:artist:6S77IqGowtUH4DoN0HIY5M,1
12,spotify:artist:2Ilw96AgJxhArKIpy3b1oY,spotify:artist:25QUfZT7NDpZpVrAzPlruV,1
13,spotify:artist:2Ilw96AgJxhArKIpy3b1oY,spotify:artist:4sHA2suQiw5hIhDq95IO1H,1
14,spotify:artist:2Ilw96AgJxhArKIpy3b1oY,spotify:artist:4pfvLjTNjH9F0Wuscn529s,1
15,spotify:artist:2Ilw96AgJxhArKIpy3b1oY,spotify:artist:0nyIeVdYqgEzKHqqfqtVsV,1
16,spotify:artist:2Ilw96AgJxhArKIpy3b1oY,spotify:artist:49OkYdzD20su6cwKJqTj48,1
17,spotify:artist:2Ilw96AgJxhArKIpy3b1oY,spotify:artist:008u46cZGtvC4uWeDF3RLU,1
18,spotify:artist:2Ilw96AgJxhArKIpy3b1oY,spotify:artist:2LYG5ymNBlzplC26IUhdef,1
19,spotify:artist:2Ilw96AgJxhArKIpy3b1oY,spotify:artist:4O3lYxQaa3dj4gGaya7UYU,1
0,spotify:artist:0kfqVAInJjLCEMm7XafFNH,spotify:artist:6vfqHxgPuMacvHwNq64Mjg,2
1,spotify:artist:0kfqVAInJjLCEMm7XafFNH,spotify:artist:4O3lYxQaa3dj4gGaya7UYU,2
2,spotify:artist:0kfqVAInJjLCEMm7XafFNH,spotify:artist:2Ilw96AgJxhArKIpy3b1oY,2
3,spotify:artist:0kfqVAInJjLCEMm7XafFNH,spotify:artist:7i18353CDGvmHUn5PdKpk4,2
4,spotify:artist:0kfqVAInJjLCEMm7XafFNH,spotify:artist:0LiuNVVtT2UwtrtdcgCWMt,2
5,spotify:artist:0kfqVAInJjLCEMm7XafFNH,spotify:artist:2VYJ4eA2D7A3W3vKYTsSzH,2
6,spotify:artist:0kfqVAInJjLCEMm7XafFNH,spotify:artist:0mpfQZawyjoZ0GHDMH05B3,2
7,spotify:artist:0kfqVAInJjLCEMm7XafFNH,spotify:artist:6wQmOG6Yw33ZSDDvdxfvWP,2
8,spotify:artist:0kfqVAInJjLCEMm7XafFNH,spotify:artist:0wB1tdTPm3F3Ev17WrDq1w,2
9,spotify:artist:0kfqVAInJjLCEMm7XafFNH,spotify:artist:4iaQFKjcniSdaoJnY9hede,2
10,spotify:artist:0kfqVAInJjLCEMm7XafFNH,spotify:artist:4WXIF211lYZfYEn0d13Ac0,2
11,spotify:artist:0kfqVAInJjLCEMm7XafFNH,spotify:artist:3JamY45rtaJluNZPgdVSkl,2
12,spotify:artist:0kfqVAInJjLCEMm7XafFNH,spotify:artist:56fhn9tDzNifxIneqUDgje,2
13,spotify:artist:0kfqVAInJjLCEMm7XafFNH,spotify:artist:3LaOUcThc0VfZncMJg9eOk,2
14,spotify:artist:0kfqVAInJjLCEMm7XafFNH,spotify:artist:5KTVBYvHhoIUMMv3o8ZILZ,2
15,spotify:artist:0kfqVAInJjLCEMm7XafFNH,spotify:artist:7ojknTbOMIO4iivbQFnrBW,2
16,spotify:artist:0kfqVAInJjLCEMm7XafFNH,spotify:artist:3geRfxPiAcLC93h3EcFOPm,2
17,spotify:artist:0kfqVAInJjLCEMm7XafFNH,spotify:artist:2G0mlnvYZDMkO0Y035GBZt,2
18,spotify:artist:0kfqVAInJjLCEMm7XafFNH,spotify:artist:08ObxLXzMyHCOExZNp6ngv,2
19,spotify:artist:0kfqVAInJjLCEMm7XafFNH,spotify:artist:3uxiidYJwANnT1qjpnypqv,2
20,spotify:artist:6vfqHxgPuMacvHwNq64Mjg,spotify:artist:0kfqVAInJjLCEMm7XafFNH,2
21,spotify:artist:6vfqHxgPuMacvHwNq64Mjg,spotify:artist:4O3lYxQaa3dj4gGaya7UYU,2
22,spotify:artist:6vfqHxgPuMacvHwNq64Mjg,spotify:artist:2Ilw96AgJxhArKIpy3b1oY,2
23,spotify:artist:6vfqHxgPuMacvHwNq64Mjg,spotify:artist:7i18353CDGvmHUn5PdKpk4,2
24,spotify:artist:6vfqHxgPuMacvHwNq64Mjg,spotify:artist:0LiuNVVtT2UwtrtdcgCWMt,2
25,spotify:artist:6vfqHxgPuMacvHwNq64Mjg,spotify:artist:4gN2o0Z6w3VjEcxxSCh4xu,2
26,spotify:artist:6vfqHxgPuMacvHwNq64Mjg,spotify:artist:3gAR7THMrV8SyRhEPn7Ivm,2
27,spotify:artist:6vfqHxgPuMacvHwNq64Mjg,spotify:artist:05dCkorwKiODi8aeqiHpQr,2
28,spotify:artist:6vfqHxgPuMacvHwNq64Mjg,spotify:artist:5ByC6rRA8btdF9QXQvou1H,2
29,spotify:artist:6vfqHxgPuMacvHwNq64Mjg,spotify:artist:4mhcV7x8zKtoh4eldoQc82,2
30,spotify:artist:6vfqHxgPuMacvHwNq64Mjg,spotify:artist:5dofQUTaaT6kFFlBLmT6vX,2
31,spotify:artist:6vfqHxgPuMacvHwNq64Mjg,spotify:artist:4dfh3QZmFehErJOs9kcxNn,2
32,spotify:artist:6vfqHxgPuMacvHwNq64Mjg,spotify:artist:1hkZbWhhCUMBmEvVkWi2pD,2
33,spotify:artist:6vfqHxgPuMacvHwNq64Mjg,spotify:artist:6wQmOG6Yw33ZSDDvdxfvWP,2
34,spotify:artist:6vfqHxgPuMacvHwNq64Mjg,spotify:artist:3N4nC51lvimXdPE0M9lEXd,2
35,spotify:artist:6vfqHxgPuMacvHwNq64Mjg,spotify:artist:3JamY45rtaJluNZPgdVSkl,2
36,spotify:artist:6vfqHxgPuMacvHwNq64Mjg,spotify:artist:6VSXq2yYD3n5MFZ5ahIUDZ,2
37,spotify:artist:6vfqHxgPuMacvHwNq64Mjg,spotify:artist:3geRfxPiAcLC93h3EcFOPm,2
38,spotify:artist:6vfqHxgPuMacvHwNq64Mjg,spotify:artist:0hJ58qGdS4sQs5MVXQeu50,2
39,spotify:artist:6vfqHxgPuMacvHwNq64Mjg,spotify:artist:08ObxLXzMyHCOExZNp6ngv,2
40,spotify:artist:6LKu24jU4E3rlV8DTFSI2X,spotify:artist:0CA8v6MOoW3PshEsom6x8E,2
41,spotify:artist:6LKu24jU4E3rlV8DTFSI2X,spotify:artist:6ZCOlOlt0j2f0WWLrBS4qe,2
42,spotify:artist:6LKu24jU4E3rlV8DTFSI2X,spotify:artist:4x0WhpIKeyVD0Q7WbbWhrw,2
43,spotify:artist:6LKu24jU4E3rlV8DTFSI2X,spotify:artist:1j7PIiimRdwdm6HOyFtVn8,2
44,spotify:artist:6LKu24jU4E3rlV8DTFSI2X,spotify:artist:0Lp8qrCCD1CNecQ3A6eyM3,2
45,spotify:artist:6LKu24jU4E3rlV8DTFSI2X,spotify:artist:2lgOmRrpzAYN3kXBgLt14u,2
46,spotify:artist:6LKu24jU4E3rlV8DTFSI2X,spotify:artist:3S3zMWY7anFCIUSfdptsfY,2
47,spotify:artist:6LKu24jU4E3rlV8DTFSI2X,spotify:artist:49XI259iPxxbqTzPfpZtR8,2
48,spotify:artist:6LKu24jU4E3rlV8DTFSI2X,spotify:artist:4R3E1B4kOQsec4u9Pvqscu,2
49,spotify:artist:6LKu24jU4E3rlV8DTFSI2X,spotify:artist:6c10mh5yK8BUe8BUSFGJo1,2
50,spotify:artist:6LKu24jU4E3rlV8DTFSI2X,spotify:artist:7evvp8K9upd3HsOIaS54ao,2
51,spotify:artist:6LKu24jU4E3rlV8DTFSI2X,spotify:artist:7IYh2xLPsJb7lVfM4LbsoF,2
52,spotify:artist:6LKu24jU4E3rlV8DTFSI2X,spotify:artist:2LpuFiegCKD50XfNvqTW6s,2
53,spotify:artist:6LKu24jU4E3rlV8DTFSI2X,spotify:artist:1ubtXErMqrqIhIKYqokGqr,2
54,spotify:artist:6LKu24jU4E3rlV8DTFSI2X,spotify:artist:1NpDwdjngrSrLVFGrscRWr,2
55,spotify:artist:6LKu24jU4E3rlV8DTFSI2X,spotify:artist:2eXum66SQkN0wqoTiTvkde,2
56,spotify:artist:6LKu24jU4E3rlV8DTFSI2X,spotify:artist:43Xbgme9BKet1Ir9AiPerq,2
57,spotify:artist:6LKu24jU4E3rlV8DTFSI2X,spotify:artist:3T0qDRHpw9MEWJk28BO0kO,2
58,spotify:artist:6LKu24jU4E3rlV8DTFSI2X,spotify:artist:4VYmmC6jVM3pdxyJZ2GkyH,2
59,spotify:artist:6LKu24jU4E3rlV8DTFSI2X,spotify:artist:6DdDIDUeYdDkE0ZpfQQLgk,2
60,spotify:artist:4O3lYxQaa3dj4gGaya7UYU,spotify:artist:0kfqVAInJjLCEMm7XafFNH,2
61,spotify:artist:4O3lYxQaa3dj4gGaya7UYU,spotify:artist:6vfqHxgPuMacvHwNq64Mjg,2
62,spotify:artist:4O3lYxQaa3dj4gGaya7UYU,spotify:artist:0hv0KrKTLBFQ461oCwsleW,2
63,spotify:artist:4O3lYxQaa3dj4gGaya7UYU,spotify:artist:07TobptlIlx7uLSze11HvV,2
64,spotify:artist:4O3lYxQaa3dj4gGaya7UYU,spotify:artist:2Ilw96AgJxhArKIpy3b1oY,2
65,spotify:artist:4O3lYxQaa3dj4gGaya7UYU,spotify:artist:05dCkorwKiODi8aeqiHpQr,2
66,spotify:artist:4O3lYxQaa3dj4gGaya7UYU,spotify:artist:5ByC6rRA8btdF9QXQvou1H,2
67,spotify:artist:4O3lYxQaa3dj4gGaya7UYU,spotify:artist:1nD4EOUu97GWBm9dgUIjMG,2
68,spotify:artist:4O3lYxQaa3dj4gGaya7UYU,spotify:artist:4ucOu5swE2xW8ibx4yqHbE,2
69,spotify:artist:4O3lYxQaa3dj4gGaya7UYU,spotify:artist:4NgmotTa8hSBBIvyKthdqE,2
70,spotify:artist:4O3lYxQaa3dj4gGaya7UYU,spotify:artist:6VSXq2yYD3n5MFZ5ahIUDZ,2
71,spotify:artist:4O3lYxQaa3dj4gGaya7UYU,spotify:artist:3HktJTPWuDaSxExKGK4eWy,2
72,spotify:artist:4O3lYxQaa3dj4gGaya7UYU,spotify:artist:0sUKGP4ZRBx5ZOInFQ884s,2
73,spotify:artist:4O3lYxQaa3dj4gGaya7UYU,spotify:artist:2G0mlnvYZDMkO0Y035GBZt,2
74,spotify:artist:4O3lYxQaa3dj4gGaya7UYU,spotify:artist:3geRfxPiAcLC93h3EcFOPm,2
75,spotify:artist:4O3lYxQaa3dj4gGaya7UYU,spotify:artist:3gQzMl6m3bnUN81bAsPue1,2
76,spotify:artist:4O3lYxQaa3dj4gGaya7UYU,spotify:artist:07ib7Dg8x1mpU8OtQZwgqF,2
77,spotify:artist:4O3lYxQaa3dj4gGaya7UYU,spotify:artist:0izzaOWIa9n6AEfU1ca0G2,2
78,spotify:artist:4O3lYxQaa3dj4gGaya7UYU,spotify:artist:1eJEB18LdtPqjCJgSNUEGy,2
79,spotify:artist:4O3lYxQaa3dj4gGaya7UYU,spotify:artist:5Q2wZO9HtA0UQPMCxQcHiu,2
0,spotify:artist:6vfqHxgPuMacvHwNq64Mjg,spotify:artist:0kfqVAInJjLCEMm7XafFNH,3
1,spotify:artist:6vfqHxgPuMacvHwNq64Mjg,spotify:artist:4O3lYxQaa3dj4gGaya7UYU,3
2,spotify:artist:6vfqHxgPuMacvHwNq64Mjg,spotify:artist:2Ilw96AgJxhArKIpy3b1oY,3
3,spotify:artist:6vfqHxgPuMacvHwNq64Mjg,spotify:artist:7i18353CDGvmHUn5PdKpk4,3
4,spotify:artist:6vfqHxgPuMacvHwNq64Mjg,spotify:artist:0LiuNVVtT2UwtrtdcgCWMt,3
5,spotify:artist:6vfqHxgPuMacvHwNq64Mjg,spotify:artist:4gN2o0Z6w3VjEcxxSCh4xu,3
6,spotify:artist:6vfqHxgPuMacvHwNq64Mjg,spotify:artist:3gAR7THMrV8SyRhEPn7Ivm,3
7,spotify:artist:6vfqHxgPuMacvHwNq64Mjg,spotify:artist:05dCkorwKiODi8aeqiHpQr,3
8,spotify:artist:6vfqHxgPuMacvHwNq64Mjg,spotify:artist:5ByC6rRA8btdF9QXQvou1H,3
9,spotify:artist:6vfqHxgPuMacvHwNq64Mjg,spotify:artist:4mhcV7x8zKtoh4eldoQc82,3
10,spotify:artist:6vfqHxgPuMacvHwNq64Mjg,spotify:artist:5dofQUTaaT6kFFlBLmT6vX,3
11,spotify:artist:6vfqHxgPuMacvHwNq64Mjg,spotify:artist:4dfh3QZmFehErJOs9kcxNn,3
12,spotify:artist:6vfqHxgPuMacvHwNq64Mjg,spotify:artist:1hkZbWhhCUMBmEvVkWi2pD,3
13,spotify:artist:6vfqHxgPuMacvHwNq64Mjg,spotify:artist:6wQmOG6Yw33ZSDDvdxfvWP,3
14,spotify:artist:6vfqHxgPuMacvHwNq64Mjg,spotify:artist:3N4nC51lvimXdPE0M9lEXd,3
15,spotify:artist:6vfqHxgPuMacvHwNq64Mjg,spotify:artist:3JamY45rtaJluNZPgdVSkl,3
16,spotify:artist:6vfqHxgPuMacvHwNq64Mjg,spotify:artist:6VSXq2yYD3n5MFZ5ahIUDZ,3
17,spotify:artist:6vfqHxgPuMacvHwNq64Mjg,spotify:artist:3geRfxPiAcLC93h3EcFOPm,3
18,spotify:artist:6vfqHxgPuMacvHwNq64Mjg,spotify:artist:0hJ58qGdS4sQs5MVXQeu50,3
19,spotify:artist:6vfqHxgPuMacvHwNq64Mjg,spotify:artist:08ObxLXzMyHCOExZNp6ngv,3
20,spotify:artist:4O3lYxQaa3dj4gGaya7UYU,spotify:artist:0kfqVAInJjLCEMm7XafFNH,3
21,spotify:artist:4O3lYxQaa3dj4gGaya7UYU,spotify:artist:6vfqHxgPuMacvHwNq64Mjg,3
22,spotify:artist:4O3lYxQaa3dj4gGaya7UYU,spotify:artist:0hv0KrKTLBFQ461oCwsleW,3
23,spotify:artist:4O3lYxQaa3dj4gGaya7UYU,spotify:artist:07TobptlIlx7uLSze11HvV,3
24,spotify:artist:4O3lYxQaa3dj4gGaya7UYU,spotify:artist:2Ilw96AgJxhArKIpy3b1oY,3
25,spotify:artist:4O3lYxQaa3dj4gGaya7UYU,spotify:artist:05dCkorwKiODi8aeqiHpQr,3
26,spotify:artist:4O3lYxQaa3dj4gGaya7UYU,spotify:artist:5ByC6rRA8btdF9QXQvou1H,3
27,spotify:artist:4O3lYxQaa3dj4gGaya7UYU,spotify:artist:1nD4EOUu97GWBm9dgUIjMG,3
28,spotify:artist:4O3lYxQaa3dj4gGaya7UYU,spotify:artist:4ucOu5swE2xW8ibx4yqHbE,3
29,spotify:artist:4O3lYxQaa3dj4gGaya7UYU,spotify:artist:4NgmotTa8hSBBIvyKthdqE,3
30,spotify:artist:4O3lYxQaa3dj4gGaya7UYU,spotify:artist:6VSXq2yYD3n5MFZ5ahIUDZ,3
31,spotify:artist:4O3lYxQaa3dj4gGaya7UYU,spotify:artist:3HktJTPWuDaSxExKGK4eWy,3
32,spotify:artist:4O3lYxQaa3dj4gGaya7UYU,spotify:artist:0sUKGP4ZRBx5ZOInFQ884s,3
33,spotify:artist:4O3lYxQaa3dj4gGaya7UYU,spotify:artist:2G0mlnvYZDMkO0Y035GBZt,3
34,spotify:artist:4O3lYxQaa3dj4gGaya7UYU,spotify:artist:3geRfxPiAcLC93h3EcFOPm,3
35,spotify:artist:4O3lYxQaa3dj4gGaya7UYU,spotify:artist:3gQzMl6m3bnUN81bAsPue1,3
36,spotify:artist:4O3lYxQaa3dj4gGaya7UYU,spotify:artist:07ib7Dg8x1mpU8OtQZwgqF,3
37,spotify:artist:4O3lYxQaa3dj4gGaya7UYU,spotify:artist:0izzaOWIa9n6AEfU1ca0G2,3
38,spotify:artist:4O3lYxQaa3dj4gGaya7UYU,spotify:artist:1eJEB18LdtPqjCJgSNUEGy,3
39,spotify:artist:4O3lYxQaa3dj4gGaya7UYU,spotify:artist:5Q2wZO9HtA0UQPMCxQcHiu,3
40,spotify:artist:2Ilw96AgJxhArKIpy3b1oY,spotify:artist:0kfqVAInJjLCEMm7XafFNH,3
41,spotify:artist:2Ilw96AgJxhArKIpy3b1oY,spotify:artist:6guhoJkgdjHGLR8VDuiBij,3
42,spotify:artist:2Ilw96AgJxhArKIpy3b1oY,spotify:artist:1ppiD0FZo4EJPd16jpxFCO,3
43,spotify:artist:2Ilw96AgJxhArKIpy3b1oY,spotify:artist:6vfqHxgPuMacvHwNq64Mjg,3
44,spotify:artist:2Ilw96AgJxhArKIpy3b1oY,spotify:artist:6LKu24jU4E3rlV8DTFSI2X,3
45,spotify:artist:2Ilw96AgJxhArKIpy3b1oY,spotify:artist:0CA8v6MOoW3PshEsom6x8E,3
46,spotify:artist:2Ilw96AgJxhArKIpy3b1oY,spotify:artist:6ZCOlOlt0j2f0WWLrBS4qe,3
47,spotify:artist:2Ilw96AgJxhArKIpy3b1oY,spotify:artist:6hYBRtEM8rTboQOTDFfd0R,3
48,spotify:artist:2Ilw96AgJxhArKIpy3b1oY,spotify:artist:429mpc0P2wGkdfwO6oq53K,3
49,spotify:artist:2Ilw96AgJxhArKIpy3b1oY,spotify:artist:4GfarKeZ7psDlMyQxyIwEV,3
50,spotify:artist:2Ilw96AgJxhArKIpy3b1oY,spotify:artist:6HuCVd1gfnmbI1IAbQgrbH,3
51,spotify:artist:2Ilw96AgJxhArKIpy3b1oY,spotify:artist:6S77IqGowtUH4DoN0HIY5M,3
52,spotify:artist:2Ilw96AgJxhArKIpy3b1oY,spotify:artist:25QUfZT7NDpZpVrAzPlruV,3
53,spotify:artist:2Ilw96AgJxhArKIpy3b1oY,spotify:artist:4sHA2suQiw5hIhDq95IO1H,3
54,spotify:artist:2Ilw96AgJxhArKIpy3b1oY,spotify:artist:4pfvLjTNjH9F0Wuscn529s,3
55,spotify:artist:2Ilw96AgJxhArKIpy3b1oY,spotify:artist:0nyIeVdYqgEzKHqqfqtVsV,3
56,spotify:artist:2Ilw96AgJxhArKIpy3b1oY,spotify:artist:49OkYdzD20su6cwKJqTj48,3
57,spotify:artist:2Ilw96AgJxhArKIpy3b1oY,spotify:artist:008u46cZGtvC4uWeDF3RLU,3
58,spotify:artist:2Ilw96AgJxhArKIpy3b1oY,spotify:artist:2LYG5ymNBlzplC26IUhdef,3
59,spotify:artist:2Ilw96AgJxhArKIpy3b1oY,spotify:artist:4O3lYxQaa3dj4gGaya7UYU,3
60,spotify:artist:7i18353CDGvmHUn5PdKpk4,spotify:artist:33Cjnij54yY7dwWv0o5HHZ,3
61,spotify:artist:7i18353CDGvmHUn5PdKpk4,spotify:artist:653wg9Arwo2h1mF34JJewR,3
62,spotify:artist:7i18353CDGvmHUn5PdKpk4,spotify:artist:6vfqHxgPuMacvHwNq64Mjg,3
63,spotify:artist:7i18353CDGvmHUn5PdKpk4,spotify:artist:0JrBx5mTOse2n2H3KLEsS9,3
64,spotify:artist:7i18353CDGvmHUn5PdKpk4,spotify:artist:2H0NdiQYMg5lULWIIvGqGI,3
65,spotify:artist:7i18353CDGvmHUn5PdKpk4,spotify:artist:0kfqVAInJjLCEMm7XafFNH,3
66,spotify:artist:7i18353CDGvmHUn5PdKpk4,spotify:artist:5P6jJ9rSUU5KMnoQDmaPuo,3
67,spotify:artist:7i18353CDGvmHUn5PdKpk4,spotify:artist:0eAAXzKrAwbMziLKHGTCum,3
68,spotify:artist:7i18353CDGvmHUn5PdKpk4,spotify:artist:2stHSCZ1yfP3C8lqSWAbj1,3
69,spotify:artist:7i18353CDGvmHUn5PdKpk4,spotify:artist:6wQmOG6Yw33ZSDDvdxfvWP,3
70,spotify:artist:7i18353CDGvmHUn5PdKpk4,spotify:artist:5uLKc9jyRkcyoTNF1JLWe1,3
71,spotify:artist:7i18353CDGvmHUn5PdKpk4,spotify:artist:6P2XWjXob0dNMGFbbPeDxI,3
72,spotify:artist:7i18353CDGvmHUn5PdKpk4,spotify:artist:0ONIKpDgJn3CBL9hbm1Waq,3
73,spotify:artist:7i18353CDGvmHUn5PdKpk4,spotify:artist:16mVBCP9OKYqPuGlzS61uP,3
74,spotify:artist:7i18353CDGvmHUn5PdKpk4,spotify:artist:08ObxLXzMyHCOExZNp6ngv,3
75,spotify:artist:7i18353CDGvmHUn5PdKpk4,spotify:artist:3uxiidYJwANnT1qjpnypqv,3
76,spotify:artist:7i18353CDGvmHUn5PdKpk4,spotify:artist:1hnF4gDndtUcKpcLhz8hWy,3
77,spotify:artist:7i18353CDGvmHUn5PdKpk4,spotify:artist:1XMZ9yzrO1A2mSa56G6lJi,3
78,spotify:artist:7i18353CDGvmHUn5PdKpk4,spotify:artist:5nJaZLreredogdp3ZraoOp,3
79,spotify:artist:7i18353CDGvmHUn5PdKpk4,spotify:artist:6onb6cOGho2cZgCCB9mnhI,3
80,spotify:artist:0LiuNVVtT2UwtrtdcgCWMt,spotify:artist:4AUVu3NZE7Kh7rPW8YNJqa,3
81,spotify:artist:0LiuNVVtT2UwtrtdcgCWMt,spotify:artist:6vfqHxgPuMacvHwNq64Mjg,3
82,spotify:artist:0LiuNVVtT2UwtrtdcgCWMt,spotify:artist:0vGEWKIymGUurUbxwoxE86,3
83,spotify:artist:0LiuNVVtT2UwtrtdcgCWMt,spotify:artist:1fOlTQgqQK3gw7I47r2kug,3
84,spotify:artist:0LiuNVVtT2UwtrtdcgCWMt,spotify:artist:0pD09ArjzV1kEDHmcRN3OL,3
85,spotify:artist:0LiuNVVtT2UwtrtdcgCWMt,spotify:artist:7kgBsgRnONr5A9HTe5Ga2C,3
86,spotify:artist:0LiuNVVtT2UwtrtdcgCWMt,spotify:artist:0kfqVAInJjLCEMm7XafFNH,3
87,spotify:artist:0LiuNVVtT2UwtrtdcgCWMt,spotify:artist:3lNiPYKmdhz4OqTm28SPwW,3
88,spotify:artist:0LiuNVVtT2UwtrtdcgCWMt,spotify:artist:3JamY45rtaJluNZPgdVSkl,3
89,spotify:artist:0LiuNVVtT2UwtrtdcgCWMt,spotify:artist:10ojQ7bChG9r3qMA8e0Veb,3
90,spotify:artist:0LiuNVVtT2UwtrtdcgCWMt,spotify:artist:144j8X4uvfVU64zpENyYxP,3
91,spotify:artist:0LiuNVVtT2UwtrtdcgCWMt,spotify:artist:3L48vvsuYl6u8Lplg4S61c,3
92,spotify:artist:0LiuNVVtT2UwtrtdcgCWMt,spotify:artist:6Ljba084kMrlu1SRLrVBdJ,3
93,spotify:artist:0LiuNVVtT2UwtrtdcgCWMt,spotify:artist:3geRfxPiAcLC93h3EcFOPm,3
94,spotify:artist:0LiuNVVtT2UwtrtdcgCWMt,spotify:artist:0YhB6pGdkh3yIw4srBV6Wg,3
95,spotify:artist:0LiuNVVtT2UwtrtdcgCWMt,spotify:artist:2k6WsYvun0CBfQjZAWJSVt,3
96,spotify:artist:0LiuNVVtT2UwtrtdcgCWMt,spotify:artist:1E6o35nfeqBEvCBmLzM7SP,3
97,spotify:artist:0LiuNVVtT2UwtrtdcgCWMt,spotify:artist:7sDjTPcM4qbAjfEcVyDb0n,3
98,spotify:artist:0LiuNVVtT2UwtrtdcgCWMt,spotify:artist:7Fhsnm4h6cixZNWBViFC7B,3
99,spotify:artist:0LiuNVVtT2UwtrtdcgCWMt,spotify:artist:7IdLwJPa2lCcfxciXDu2A1,3
100,spotify:artist:2VYJ4eA2D7A3W3vKYTsSzH,spotify:artist:4phuMKLz1zrLdq4xDX9KiY,3
101,spotify:artist:2VYJ4eA2D7A3W3vKYTsSzH,spotify:artist:5go2Dp0YYg6wVACWesgaIy,3
102,spotify:artist:2VYJ4eA2D7A3W3vKYTsSzH,spotify:artist:6GzGdwtpgdU0zKmmHpV8fX,3
103,spotify:artist:2VYJ4eA2D7A3W3vKYTsSzH,spotify:artist:3jKpTjAyV9Yb2FutLG6krZ,3
104,spotify:artist:2VYJ4eA2D7A3W3vKYTsSzH,spotify:artist:4kPysgNmz5ShoRDnH7rmow,3
105,spotify:artist:2VYJ4eA2D7A3W3vKYTsSzH,spotify:artist:27mhNHWifq9A5gEdb2Rq2I,3
106,spotify:artist:2VYJ4eA2D7A3W3vKYTsSzH,spotify:artist:6s0jMxUGM8hFnxSUVMwINf,3
107,spotify:artist:2VYJ4eA2D7A3W3vKYTsSzH,spotify:artist:6uk8elAPcrgI8XdDA0xfOv,3
108,spotify:artist:2VYJ4eA2D7A3W3vKYTsSzH,spotify:artist:07ib7Dg8x1mpU8OtQZwgqF,3
109,spotify:artist:2VYJ4eA2D7A3W3vKYTsSzH,spotify:artist:5yABZi5POIRzeKW8xmaqYT,3
110,spotify:artist:2VYJ4eA2D7A3W3vKYTsSzH,spotify:artist:39EaGUGSJGKhrJg10SVUf9,3
111,spotify:artist:2VYJ4eA2D7A3W3vKYTsSzH,spotify:artist:7DzToxGzPaw0lDBZZEZu9M,3
112,spotify:artist:2VYJ4eA2D7A3W3vKYTsSzH,spotify:artist:3qDVhB7SWiUBppzPJl4nTK,3
113,spotify:artist:2VYJ4eA2D7A3W3vKYTsSzH,spotify:artist:24qdxr4NL45dc4bq5ug5Bs,3
114,spotify:artist:2VYJ4eA2D7A3W3vKYTsSzH,spotify:artist:1rwRg3WiYYI4TpAyQlSQyB,3
115,spotify:artist:2VYJ4eA2D7A3W3vKYTsSzH,spotify:artist:3wmMty4WUvEUF2YDAG6sJa,3
116,spotify:artist:2VYJ4eA2D7A3W3vKYTsSzH,spotify:artist:61CVkAwbF8fSADXDUA6rAF,3
117,spotify:artist:2VYJ4eA2D7A3W3vKYTsSzH,spotify:artist:0kfqVAInJjLCEMm7XafFNH,3
118,spotify:artist:2VYJ4eA2D7A3W3vKYTsSzH,spotify:artist:1ffuT71MIDlIjaGOUuAkLV,3
119,spotify:artist:2VYJ4eA2D7A3W3vKYTsSzH,spotify:artist:3kbWz5s7GMMLXPZO2rTXgq,3
120,spotify:artist:0mpfQZawyjoZ0GHDMH05B3,spotify:artist:4yzFeQUVw1XHawihi2QLXL,3
121,spotify:artist:0mpfQZawyjoZ0GHDMH05B3,spotify:artist:0ShV0veaBj1NvWRORhuwlI,3
122,spotify:artist:0mpfQZawyjoZ0GHDMH05B3,spotify:artist:070kz1iiNY2AIbIu5SAxE2,3
123,spotify:artist:0mpfQZawyjoZ0GHDMH05B3,spotify:artist:2kDyODn1VxVZXZQxsEvHFG,3
124,spotify:artist:0mpfQZawyjoZ0GHDMH05B3,spotify:artist:51EFYOtaNDDQdpLkkPImtf,3
125,spotify:artist:0mpfQZawyjoZ0GHDMH05B3,spotify:artist:7lcW59J8h5nBv3pnhqlpaj,3
126,spotify:artist:0mpfQZawyjoZ0GHDMH05B3,spotify:artist:5mGc9Y2bNcekFrHfEVMoV8,3
127,spotify:artist:0mpfQZawyjoZ0GHDMH05B3,spotify:artist:7wB8OAw32jLyRIGMEJHse0,3
128,spotify:artist:0mpfQZawyjoZ0GHDMH05B3,spotify:artist:1TURKghoJp4HPXjs84mION,3
129,spotify:artist:0mpfQZawyjoZ0GHDMH05B3,spotify:artist:5Nan253IiCqSCr86bav4Cz,3
130,spotify:artist:0mpfQZawyjoZ0GHDMH05B3,spotify:artist:3z62nJhZ5pfLeLsYU79mxt,3
131,spotify:artist:0mpfQZawyjoZ0GHDMH05B3,spotify:artist:1v7WGpRGcCp8gF4gyWMbgv,3
132,spotify:artist:0mpfQZawyjoZ0GHDMH05B3,spotify:artist:5zYjR573OBThtntZHxDUn7,3
133,spotify:artist:0mpfQZawyjoZ0GHDMH05B3,spotify:artist:4DvcdAAoEEFPh7tSwwUg2Z,3
134,spotify:artist:0mpfQZawyjoZ0GHDMH05B3,spotify:artist:02TdMHgV84E5S2LHxbWUdd,3
135,spotify:artist:0mpfQZawyjoZ0GHDMH05B3,spotify:artist:5XslgFEsN0VWkiRWubk5ct,3
136,spotify:artist:0mpfQZawyjoZ0GHDMH05B3,spotify:artist:28SVAjeb0YX2IS7SNxeMlD,3
137,spotify:artist:0mpfQZawyjoZ0GHDMH05B3,spotify:artist:03PGcrx7tRbp7oIfTGFsK3,3
138,spotify:artist:0mpfQZawyjoZ0GHDMH05B3,spotify:artist:2ZEpF45eqm5p4cvQwIP6mZ,3
139,spotify:artist:0mpfQZawyjoZ0GHDMH05B3,spotify:artist:18ZO6u1m3eshYLMQFYNXDr,3
140,spotify:artist:6wQmOG6Yw33ZSDDvdxfvWP,spotify:artist:6hmpBTWQqmloyOu0hq6s8q,3
141,spotify:artist:6wQmOG6Yw33ZSDDvdxfvWP,spotify:artist:01BXyPnpPYW2BhDcKSQyU9,3
142,spotify:artist:6wQmOG6Yw33ZSDDvdxfvWP,spotify:artist:0ImafEbBG9Aa4b3jhDFxz9,3
143,spotify:artist:6wQmOG6Yw33ZSDDvdxfvWP,spotify:artist:5RTiISA2iq6ViQuLUi7HdB,3
144,spotify:artist:6wQmOG6Yw33ZSDDvdxfvWP,spotify:artist:5BxtbtwwHXC3HA5kAn06sK,3
145,spotify:artist:6wQmOG6Yw33ZSDDvdxfvWP,spotify:artist:3qkad6IOl1IkUTnZd7wqtv,3
146,spotify:artist:6wQmOG6Yw33ZSDDvdxfvWP,spotify:artist:06SZNHoCDFWdg9iLthSA2k,3
147,spotify:artist:6wQmOG6Yw33ZSDDvdxfvWP,spotify:artist:7K1cvWBlDmiXjsIme3egUS,3
148,spotify:artist:6wQmOG6Yw33ZSDDvdxfvWP,spotify:artist:2NCODG65gLyb8FiC6hdKBd,3
149,spotify:artist:6wQmOG6Yw33ZSDDvdxfvWP,spotify:artist:2fnV6seL0Y3klLT1gR7Qa2,3
150,spotify:artist:6wQmOG6Yw33ZSDDvdxfvWP,spotify:artist:1ziPD4TP8vga3QGMKOttdY,3
151,spotify:artist:6wQmOG6Yw33ZSDDvdxfvWP,spotify:artist:3P3iJ6AlAdlb4tYAu00Fhk,3
152,spotify:artist:6wQmOG6Yw33ZSDDvdxfvWP,spotify:artist:1BAKGwzVOXBHXTLVc51UtF,3
153,spotify:artist:6wQmOG6Yw33ZSDDvdxfvWP,spotify:artist:7K566tVDqJjUtOluRJbvr6,3
154,spotify:artist:6wQmOG6Yw33ZSDDvdxfvWP,spotify:artist:4Ait1vX2ZaWPrkua8Z664O,3
155,spotify:artist:6wQmOG6Yw33ZSDDvdxfvWP,spotify:artist:1vEqG4Bxz3YIMuDkIcvg6J,3
156,spotify:artist:6wQmOG6Yw33ZSDDvdxfvWP,spotify:artist:4SvVZW9Hpl9QBXGo7THYXe,3
157,spotify:artist:6wQmOG6Yw33ZSDDvdxfvWP,spotify:artist:0KsoLloorTqFLrq5XyB8ny,3
158,spotify:artist:6wQmOG6Yw33ZSDDvdxfvWP,spotify:artist:7epIIT85VR8OEggqKO3RSt,3
159,spotify:artist:6wQmOG6Yw33ZSDDvdxfvWP,spotify:artist:4FhEJXt9Dnh48FsjLN0JEh,3
160,spotify:artist:0wB1tdTPm3F3Ev17WrDq1w,spotify:artist:78CGeleRIUbrzD47TLlI8U,3
161,spotify:artist:0wB1tdTPm3F3Ev17WrDq1w,spotify:artist:4sd29vj5UrNjnX4sBmMw4c,3
162,spotify:artist:0wB1tdTPm3F3Ev17WrDq1w,spotify:artist:7aOk9xrnPUbIu5vyqBfXGh,3
163,spotify:artist:0wB1tdTPm3F3Ev17WrDq1w,spotify:artist:4mOFzBGXiPT89PxS8pXqlB,3
164,spotify:artist:0wB1tdTPm3F3Ev17WrDq1w,spotify:artist:5HTnM2pBGio6w5JhaUmb4o,3
165,spotify:artist:0wB1tdTPm3F3Ev17WrDq1w,spotify:artist:6kaBU6Hz3GSkpRh6tfuA98,3
166,spotify:artist:0wB1tdTPm3F3Ev17WrDq1w,spotify:artist:5GmbQoHtMAvzSdFY7pvPJU,3
167,spotify:artist:0wB1tdTPm3F3Ev17WrDq1w,spotify:artist:0z1RJuD7otAWKsMUq73gHd,3
168,spotify:artist:0wB1tdTPm3F3Ev17WrDq1w,spotify:artist:097BwoxabLbm3UlJTekWG3,3
169,spotify:artist:0wB1tdTPm3F3Ev17WrDq1w,spotify:artist:70fgY0QCLQh8mhUotrKjiW,3
170,spotify:artist:0wB1tdTPm3F3Ev17WrDq1w,spotify:artist:2fTiTHhROWY6rE43SmVmqh,3
171,spotify:artist:0wB1tdTPm3F3Ev17WrDq1w,spotify:artist:6pDxZqoS1BAtgXbKaUGLSt,3
172,spotify:artist:0wB1tdTPm3F3Ev17WrDq1w,spotify:artist:0JS9JS2IPpdEyNoamuuj0t,3
173,spotify:artist:0wB1tdTPm3F3Ev17WrDq1w,spotify:artist:5bCj7U1JQhliN5sO1WhMdS,3
174,spotify:artist:0wB1tdTPm3F3Ev17WrDq1w,spotify:artist:5NmID2FlbgIYi44Q45iaWf,3
175,spotify:artist:0wB1tdTPm3F3Ev17WrDq1w,spotify:artist:1wZNrkx8MUEYVfpMfDJlYA,3
176,spotify:artist:0wB1tdTPm3F3Ev17WrDq1w,spotify:artist:2sPBxeaQuWYPbViLJDPl2k,3
177,spotify:artist:0wB1tdTPm3F3Ev17WrDq1w,spotify:artist:5hmJ3DqZwkYDk0qGHsO14N,3
178,spotify:artist:0wB1tdTPm3F3Ev17WrDq1w,spotify:artist:5r6gkbkCrikgUjx3m5RCoZ,3
179,spotify:artist:0wB1tdTPm3F3Ev17WrDq1w,spotify:artist:6JcKbZHrm2L3xDoAsUoyHu,3
180,spotify:artist:4iaQFKjcniSdaoJnY9hede,spotify:artist:7AhnpcWfQ8MLatgFWYxscg,3
181,spotify:artist:4iaQFKjcniSdaoJnY9hede,spotify:artist:6BVjO3UuYznTjDc8EvllkI,3
182,spotify:artist:4iaQFKjcniSdaoJnY9hede,spotify:artist:599NiwtDMfM8TxTKvEMML9,3
183,spotify:artist:4iaQFKjcniSdaoJnY9hede,spotify:artist:6Pjt4WZ3fuZMrsvdst0xQU,3
184,spotify:artist:4iaQFKjcniSdaoJnY9hede,spotify:artist:5Z4qjxzAtuqZMXnBBFniWC,3
185,spotify:artist:4iaQFKjcniSdaoJnY9hede,spotify:artist:0fkETo6XA8BoG1MtZgMOjc,3
186,spotify:artist:4iaQFKjcniSdaoJnY9hede,spotify:artist:3ed8A3CfLXQA9TLPghl6aA,3
187,spotify:artist:4iaQFKjcniSdaoJnY9hede,spotify:artist:3f8cL35mDV5sRmAGw2z1Zr,3
188,spotify:artist:4iaQFKjcniSdaoJnY9hede,spotify:artist:5nRWno2jlo9tbGkYslw7XZ,3
189,spotify:artist:4iaQFKjcniSdaoJnY9hede,spotify:artist:2fBod1vfjVEmlLbuiDHiaG,3
190,spotify:artist:4iaQFKjcniSdaoJnY9hede,spotify:artist:0fDMZe8DPsk5aoSKBWGtrW,3
191,spotify:artist:4iaQFKjcniSdaoJnY9hede,spotify:artist:64aj3Ltqcr8Ssri2JZolQN,3
192,spotify:artist:4iaQFKjcniSdaoJnY9hede,spotify:artist:0jloQGFHyunPDHrkuVskvS,3
193,spotify:artist:4iaQFKjcniSdaoJnY9hede,spotify:artist:3b1iGtF1v7MxXrCU7NH1Xx,3
194,spotify:artist:4iaQFKjcniSdaoJnY9hede,spotify:artist:5CqhpTvpaIfU2yoYHOC0px,3
195,spotify:artist:4iaQFKjcniSdaoJnY9hede,spotify:artist:4BYlzxeQoqkFuydwpgByVq,3
196,spotify:artist:4iaQFKjcniSdaoJnY9hede,spotify:artist:0VSw5krP43yytGjyckNefg,3
197,spotify:artist:4iaQFKjcniSdaoJnY9hede,spotify:artist:1mq1EHIMn8fS7Zmeyjlca4,3
198,spotify:artist:4iaQFKjcniSdaoJnY9hede,spotify:artist:2oCA5WAEUVIwMcyS8S81sx,3
199,spotify:artist:4iaQFKjcniSdaoJnY9hede,spotify:artist:67X7TMMItxkkBDFCLOv9k2,3
200,spotify:artist:4WXIF211lYZfYEn0d13Ac0,spotify:artist:6wBV2mHGWBe2Mz4jZJi21K,3
201,spotify:artist:4WXIF211lYZfYEn0d13Ac0,spotify:artist:0Vu4A064M7J86SoMA0nrJH,3
202,spotify:artist:4WXIF211lYZfYEn0d13Ac0,spotify:artist:5XG2NyvMVgff8ZAeKWX8yS,3
203,spotify:artist:4WXIF211lYZfYEn0d13Ac0,spotify:artist:3jERgGiTwNAPxNmDasAb31,3
204,spotify:artist:4WXIF211lYZfYEn0d13Ac0,spotify:artist:0UARksVKrwd1Gwdeq3Mes1,3
205,spotify:artist:4WXIF211lYZfYEn0d13Ac0,spotify:artist:5n69lhq7BLWqnSjJgNPRh4,3
206,spotify:artist:4WXIF211lYZfYEn0d13Ac0,spotify:artist:3v9wPA58IVrX2dg6AjSPgi,3
207,spotify:artist:4WXIF211lYZfYEn0d13Ac0,spotify:artist:0znpFLuaey34oJTE1jHSnT,3
208,spotify:artist:4WXIF211lYZfYEn0d13Ac0,spotify:artist:2LgklPXmvWVOQfzPVkuChg,3
209,spotify:artist:4WXIF211lYZfYEn0d13Ac0,spotify:artist:0DxPHf2flBAcV2SnZPg3SV,3
210,spotify:artist:4WXIF211lYZfYEn0d13Ac0,spotify:artist:7wLyGTO9vUS7ndlq4BvBGe,3
211,spotify:artist:4WXIF211lYZfYEn0d13Ac0,spotify:artist:5fywYLnKJi950Y5yMqavxm,3
212,spotify:artist:4WXIF211lYZfYEn0d13Ac0,spotify:artist:2nJYGgfTf2846LtVB3AES8,3
213,spotify:artist:4WXIF211lYZfYEn0d13Ac0,spotify:artist:66W9LaWS0DPdL7Sz8iYGYe,3
214,spotify:artist:4WXIF211lYZfYEn0d13Ac0,spotify:artist:0Qnx1MPnHYt3jJCYrRFVwX,3
215,spotify:artist:4WXIF211lYZfYEn0d13Ac0,spotify:artist:36jaGQtMj5UWD0eO1fCVdD,3
216,spotify:artist:4WXIF211lYZfYEn0d13Ac0,spotify:artist:56tbeL5xhBPxby544GuK3E,3
217,spotify:artist:4WXIF211lYZfYEn0d13Ac0,spotify:artist:5n4GpmlM9nTuOiMWpQhHKo,3
218,spotify:artist:4WXIF211lYZfYEn0d13Ac0,spotify:artist:73eAAfRkS2Vi4hx68oTJJE,3
219,spotify:artist:4WXIF211lYZfYEn0d13Ac0,spotify:artist:6eWcQHUNxDteZZz4mblrwo,3
220,spotify:artist:3JamY45rtaJluNZPgdVSkl,spotify:artist:6vfqHxgPuMacvHwNq64Mjg,3
221,spotify:artist:3JamY45rtaJluNZPgdVSkl,spotify:artist:0LiuNVVtT2UwtrtdcgCWMt,3
222,spotify:artist:3JamY45rtaJluNZPgdVSkl,spotify:artist:2YxWfCnpDBjgKuA9tkIUpH,3
223,spotify:artist:3JamY45rtaJluNZPgdVSkl,spotify:artist:0JCxGVxsISZzJHJPUOtceB,3
224,spotify:artist:3JamY45rtaJluNZPgdVSkl,spotify:artist:3ktDya0wP9SPhUPQyruOe5,3
225,spotify:artist:3JamY45rtaJluNZPgdVSkl,spotify:artist:1cHFz6lrt7KAsBV8j2Ny1g,3
226,spotify:artist:3JamY45rtaJluNZPgdVSkl,spotify:artist:32q68P7MCe6KT7jG4EPSPi,3
227,spotify:artist:3JamY45rtaJluNZPgdVSkl,spotify:artist:6kV4fLeTzFkUJ2sNeVTfXp,3
228,spotify:artist:3JamY45rtaJluNZPgdVSkl,spotify:artist:6K6xWnaEyVonkhSFqW1yYX,3
229,spotify:artist:3JamY45rtaJluNZPgdVSkl,spotify:artist:0WJKkoEXsVTxyNZKhdcacl,3
230,spotify:artist:3JamY45rtaJluNZPgdVSkl,spotify:artist:5rZFb2fy8NUrmkoElQpakE,3
231,spotify:artist:3JamY45rtaJluNZPgdVSkl,spotify:artist:5f9fJGC5O6La0pTAD1sjFb,3
232,spotify:artist:3JamY45rtaJluNZPgdVSkl,spotify:artist:32dnyjkDbyCDufOILiPn4C,3
233,spotify:artist:3JamY45rtaJluNZPgdVSkl,spotify:artist:2Ilw96AgJxhArKIpy3b1oY,3
234,spotify:artist:3JamY45rtaJluNZPgdVSkl,spotify:artist:3rfmw62SuChqfQ2HyNKHt4,3
235,spotify:artist:3JamY45rtaJluNZPgdVSkl,spotify:artist:0NlX1W0yjS9FWyDBbHcGuY,3
236,spotify:artist:3JamY45rtaJluNZPgdVSkl,spotify:artist:4FvoXraHvJGns1MKhPBN5B,3
237,spotify:artist:3JamY45rtaJluNZPgdVSkl,spotify:artist:3rDemutyfe2R0RenUkxZgl,3
238,spotify:artist:3JamY45rtaJluNZPgdVSkl,spotify:artist:0z51oMD1IlExmnfVFJCnln,3
239,spotify:artist:3JamY45rtaJluNZPgdVSkl,spotify:artist:11pLSNOph5tNWyhoifQKwY,3
240,spotify:artist:56fhn9tDzNifxIneqUDgje,spotify:artist:3Uu2L05Xr3L34566nH4GbD,3
241,spotify:artist:56fhn9tDzNifxIneqUDgje,spotify:artist:67qkjKbUYQqfq9T2Gqg3JK,3
242,spotify:artist:56fhn9tDzNifxIneqUDgje,spotify:artist:4WXIF211lYZfYEn0d13Ac0,3
243,spotify:artist:56fhn9tDzNifxIneqUDgje,spotify:artist:3LaOUcThc0VfZncMJg9eOk,3
244,spotify:artist:56fhn9tDzNifxIneqUDgje,spotify:artist:43JXra2WaXKFC47xA2exyg,3
245,spotify:artist:56fhn9tDzNifxIneqUDgje,spotify:artist:3l7zogHf9d1q2V7FBcKEiy,3
246,spotify:artist:56fhn9tDzNifxIneqUDgje,spotify:artist:5wzk9261aP0OGmpxLAgYfL,3
247,spotify:artist:56fhn9tDzNifxIneqUDgje,spotify:artist:4tMMrGSLFyazvMzZpZ2l9H,3
248,spotify:artist:56fhn9tDzNifxIneqUDgje,spotify:artist:0ZXXi9wCxbPap3QVDxxIYb,3
249,spotify:artist:56fhn9tDzNifxIneqUDgje,spotify:artist:4qW3B9lAaefCiA5m5fUAZg,3
250,spotify:artist:56fhn9tDzNifxIneqUDgje,spotify:artist:5jet5PecmoI7ccZcHC7uU9,3
251,spotify:artist:56fhn9tDzNifxIneqUDgje,spotify:artist:6EJ099BvBHsMBVIe2VcLeG,3
252,spotify:artist:56fhn9tDzNifxIneqUDgje,spotify:artist:0UARksVKrwd1Gwdeq3Mes1,3
253,spotify:artist:56fhn9tDzNifxIneqUDgje,spotify:artist:21tKV9qdmjLJIyhqSoXRWi,3
254,spotify:artist:56fhn9tDzNifxIneqUDgje,spotify:artist:7ojknTbOMIO4iivbQFnrBW,3
255,spotify:artist:56fhn9tDzNifxIneqUDgje,spotify:artist:3fCZW58o19CFBn7mNVkVLS,3
256,spotify:artist:56fhn9tDzNifxIneqUDgje,spotify:artist:6YVczt7arQy2YvQ1uHwvh9,3
257,spotify:artist:56fhn9tDzNifxIneqUDgje,spotify:artist:3kj9pb9PFWRxgAles7LRsf,3
258,spotify:artist:56fhn9tDzNifxIneqUDgje,spotify:artist:1BM9iiJaq21vJlIwXsacEz,3
259,spotify:artist:56fhn9tDzNifxIneqUDgje,spotify:artist:0f1BcubFYDkGOTA0bJ0u1w,3
260,spotify:artist:3LaOUcThc0VfZncMJg9eOk,spotify:artist:23RZJcmQbLecRLZeQNL9ou,3
261,spotify:artist:3LaOUcThc0VfZncMJg9eOk,spotify:artist:6gbHBx7rYE3HCeJT2akhc7,3
262,spotify:artist:3LaOUcThc0VfZncMJg9eOk,spotify:artist:0iGACd054i3LWMCXFYfCtR,3
263,spotify:artist:3LaOUcThc0VfZncMJg9eOk,spotify:artist:0ADDk1LhpSODj7RHAqW33i,3
264,spotify:artist:3LaOUcThc0VfZncMJg9eOk,spotify:artist:24Rjwd5ZI2nb8TeNJzjBnU,3
265,spotify:artist:3LaOUcThc0VfZncMJg9eOk,spotify:artist:3vEuQNMsydUBVbY1yM2g8N,3
266,spotify:artist:3LaOUcThc0VfZncMJg9eOk,spotify:artist:2fFBnJEyC7iwA012N2sM3W,3
267,spotify:artist:3LaOUcThc0VfZncMJg9eOk,spotify:artist:2SCuI2EsTknnJtcNyeitDq,3
268,spotify:artist:3LaOUcThc0VfZncMJg9eOk,spotify:artist:5UysayGQau8AoN6eV19lqZ,3
269,spotify:artist:3LaOUcThc0VfZncMJg9eOk,spotify:artist:3eGpOHzaIe8XMOuaSPW7P9,3
270,spotify:artist:3LaOUcThc0VfZncMJg9eOk,spotify:artist:1KHkmDLQjEHoAtGE2RRc1U,3
271,spotify:artist:3LaOUcThc0VfZncMJg9eOk,spotify:artist:2e23UwynUEg93xmJbsVnh0,3
272,spotify:artist:3LaOUcThc0VfZncMJg9eOk,spotify:artist:0Kt9tUkv7nOZOWARA5K7lh,3
273,spotify:artist:3LaOUcThc0VfZncMJg9eOk,spotify:artist:0WWpnV9EF82MMKSczRmDZf,3
274,spotify:artist:3LaOUcThc0VfZncMJg9eOk,spotify:artist:1pnscOsCDX2GTRnmxT1l1C,3
275,spotify:artist:3LaOUcThc0VfZncMJg9eOk,spotify:artist:4qPvZA8gIDjaY5E7nVmVak,3
276,spotify:artist:3LaOUcThc0VfZncMJg9eOk,spotify:artist:1CWtn5XS49KJWHdVsmFc5V,3
277,spotify:artist:3LaOUcThc0VfZncMJg9eOk,spotify:artist:0LB5xmrhhEUPSV0lXhu4uC,3
278,spotify:artist:3LaOUcThc0VfZncMJg9eOk,spotify:artist:3MbP5ely6nBXTr8ZYyCjgy,3
279,spotify:artist:3LaOUcThc0VfZncMJg9eOk,spotify:artist:5EjyomxB1IEI9IkzNqoSlu,3
280,spotify:artist:5KTVBYvHhoIUMMv3o8ZILZ,spotify:artist:7epku2Ukk67TDYWYyCOAz0,3
281,spotify:artist:5KTVBYvHhoIUMMv3o8ZILZ,spotify:artist:0vomb9Zaob10lPzxBcIiNb,3
282,spotify:artist:5KTVBYvHhoIUMMv3o8ZILZ,spotify:artist:76rOhzdFrZx37hyeA5cQgZ,3
283,spotify:artist:5KTVBYvHhoIUMMv3o8ZILZ,spotify:artist:0ckyh9j60j9NvpBOc0qiFa,3
284,spotify:artist:5KTVBYvHhoIUMMv3o8ZILZ,spotify:artist:1s5IKI3WdVj337WYpi4GIZ,3
285,spotify:artist:5KTVBYvHhoIUMMv3o8ZILZ,spotify:artist:6x8oQWq0xiL4aIJTXCUx7u,3
286,spotify:artist:5KTVBYvHhoIUMMv3o8ZILZ,spotify:artist:2rBIJIECWuDEzaiewMf0Kr,3
287,spotify:artist:5KTVBYvHhoIUMMv3o8ZILZ,spotify:artist:774uzes7MVqVcuU3r8IE1G,3
288,spotify:artist:5KTVBYvHhoIUMMv3o8ZILZ,spotify:artist:5DyZW81YAU4dHttoNjvXqi,3
289,spotify:artist:5KTVBYvHhoIUMMv3o8ZILZ,spotify:artist:0bq4n0hc3bUfuqIFU79sBC,3
290,spotify:artist:5KTVBYvHhoIUMMv3o8ZILZ,spotify:artist:047WXnK2tIG3FGth7FyXaK,3
291,spotify:artist:5KTVBYvHhoIUMMv3o8ZILZ,spotify:artist:4RcEvftx3cxAEc5zojkZK4,3
292,spotify:artist:5KTVBYvHhoIUMMv3o8ZILZ,spotify:artist:1ym6NwCrOI8Bbf3VprM6Ni,3
293,spotify:artist:5KTVBYvHhoIUMMv3o8ZILZ,spotify:artist:2g6nfqSFo2cPVrafnW85jm,3
294,spotify:artist:5KTVBYvHhoIUMMv3o8ZILZ,spotify:artist:0z6j3MncRCFuW77JhhPx8b,3
295,spotify:artist:5KTVBYvHhoIUMMv3o8ZILZ,spotify:artist:0uioawxHyc6pgvbUCq510I,3
296,spotify:artist:5KTVBYvHhoIUMMv3o8ZILZ,spotify:artist:4JQ9teNx7J0aQOhrKuSKPh,3
297,spotify:artist:5KTVBYvHhoIUMMv3o8ZILZ,spotify:artist:4wh5xUIEU8YlGPXZHV6klA,3
298,spotify:artist:5KTVBYvHhoIUMMv3o8ZILZ,spotify:artist:5qElg3REYcoPscmGLy0NmU,3
299,spotify:artist:5KTVBYvHhoIUMMv3o8ZILZ,spotify:artist:0RuDUIQCXhrbLcsegLwp2Q,3
300,spotify:artist:7ojknTbOMIO4iivbQFnrBW,spotify:artist:7ILb0lzos2z2vJu8csvkBU,3
301,spotify:artist:7ojknTbOMIO4iivbQFnrBW,spotify:artist:18uNLwx2PTJKNaMxsj0kAO,3
302,spotify:artist:7ojknTbOMIO4iivbQFnrBW,spotify:artist:5neYnUapKpCvYsIqrvwhjB,3
303,spotify:artist:7ojknTbOMIO4iivbQFnrBW,spotify:artist:1HnArnhrvMb1hHokXaZ6aR,3
304,spotify:artist:7ojknTbOMIO4iivbQFnrBW,spotify:artist:2jCW9HwOGivj4KrYA60qai,3
305,spotify:artist:7ojknTbOMIO4iivbQFnrBW,spotify:artist:4hiPbdc3HQMtS7BqrqwoDI,3
306,spotify:artist:7ojknTbOMIO4iivbQFnrBW,spotify:artist:3pWnViXs8XJgbf0qmV8HhF,3
307,spotify:artist:7ojknTbOMIO4iivbQFnrBW,spotify:artist:0IudVXJi8DRWdDbYq2tIpM,3
308,spotify:artist:7ojknTbOMIO4iivbQFnrBW,spotify:artist:2EPWL5ShlSmavpGdta9rg8,3
309,spotify:artist:7ojknTbOMIO4iivbQFnrBW,spotify:artist:56fhn9tDzNifxIneqUDgje,3
310,spotify:artist:7ojknTbOMIO4iivbQFnrBW,spotify:artist:3LaOUcThc0VfZncMJg9eOk,3
311,spotify:artist:7ojknTbOMIO4iivbQFnrBW,spotify:artist:4WXIF211lYZfYEn0d13Ac0,3
312,spotify:artist:7ojknTbOMIO4iivbQFnrBW,spotify:artist:5WTl3mj1jXbpykXEB1d7cy,3
313,spotify:artist:7ojknTbOMIO4iivbQFnrBW,spotify:artist:23aUqPmNpAUe6A4oCXWZPL,3
314,spotify:artist:7ojknTbOMIO4iivbQFnrBW,spotify:artist:7p6lWR7k8Fr1CiK1u99kHJ,3
315,spotify:artist:7ojknTbOMIO4iivbQFnrBW,spotify:artist:4YpLN8ZByubASuWnxWokRT,3
316,spotify:artist:7ojknTbOMIO4iivbQFnrBW,spotify:artist:76rOhzdFrZx37hyeA5cQgZ,3
317,spotify:artist:7ojknTbOMIO4iivbQFnrBW,spotify:artist:1s5IKI3WdVj337WYpi4GIZ,3
318,spotify:artist:7ojknTbOMIO4iivbQFnrBW,spotify:artist:7mUMqgOPLYwDeAPFFt3LUL,3
319,spotify:artist:7ojknTbOMIO4iivbQFnrBW,spotify:artist:2q7bKOYpfBwieLtJw40lZS,3
320,spotify:artist:2G0mlnvYZDMkO0Y035GBZt,spotify:artist:2o9MGi1ch2ooYWqu0e9l3y,3
321,spotify:artist:2G0mlnvYZDMkO0Y035GBZt,spotify:artist:0oZ9W2ul2WbXflo60EAqUT,3
322,spotify:artist:2G0mlnvYZDMkO0Y035GBZt,spotify:artist:2PE4urJkkOhh5u7ze2vrap,3
323,spotify:artist:2G0mlnvYZDMkO0Y035GBZt,spotify:artist:3iOR5mimHl3NT4Ut9EvVUv,3
324,spotify:artist:2G0mlnvYZDMkO0Y035GBZt,spotify:artist:4E8nQMm50evj1mOFE8rqOj,3
325,spotify:artist:2G0mlnvYZDMkO0Y035GBZt,spotify:artist:3fEnLSlxAsgL2LpLlv0XJQ,3
326,spotify:artist:2G0mlnvYZDMkO0Y035GBZt,spotify:artist:06c2fzGBhKOSrbEG4wBu5U,3
327,spotify:artist:2G0mlnvYZDMkO0Y035GBZt,spotify:artist:2ju6WLE4g8LtddQwVOWl20,3
328,spotify:artist:2G0mlnvYZDMkO0Y035GBZt,spotify:artist:4E6QcuXdYcoKLdH731jtzz,3
329,spotify:artist:2G0mlnvYZDMkO0Y035GBZt,spotify:artist:5oO8FWVbfY83dqWrVrbM6J,3
330,spotify:artist:2G0mlnvYZDMkO0Y035GBZt,spotify:artist:6OCcrLBIO5JCdDMUU6h35w,3
331,spotify:artist:2G0mlnvYZDMkO0Y035GBZt,spotify:artist:40pKzFK6Z2CnPOaaMqC7lG,3
332,spotify:artist:2G0mlnvYZDMkO0Y035GBZt,spotify:artist:4tw6cyhpVCq4wRHcM5o8XN,3
333,spotify:artist:2G0mlnvYZDMkO0Y035GBZt,spotify:artist:7JCiEoZpn0yghisiVNvl4X,3
334,spotify:artist:2G0mlnvYZDMkO0Y035GBZt,spotify:artist:0KTaoq3cNbY5EyXHaGVPNr,3
335,spotify:artist:2G0mlnvYZDMkO0Y035GBZt,spotify:artist:5t5JR8OaTz7lsKo9xFKnl3,3
336,spotify:artist:2G0mlnvYZDMkO0Y035GBZt,spotify:artist:7ooehj86xYi05XJoVNxJGO,3
337,spotify:artist:2G0mlnvYZDMkO0Y035GBZt,spotify:artist:3lBD383C0a92MbCRj9dEHZ,3
338,spotify:artist:2G0mlnvYZDMkO0Y035GBZt,spotify:artist:7bYgUzgUILyzwkf6RHZf9J,3
339,spotify:artist:2G0mlnvYZDMkO0Y035GBZt,spotify:artist:69k2JfIQxMpBbc1wtmHWZY,3
340,spotify:artist:08ObxLXzMyHCOExZNp6ngv,spotify:artist:1GmnnB0JmbSe5PD1iTsek3,3
341,spotify:artist:08ObxLXzMyHCOExZNp6ngv,spotify:artist:3uxiidYJwANnT1qjpnypqv,3
342,spotify:artist:08ObxLXzMyHCOExZNp6ngv,spotify:artist:6ix1BqV9tcnoKfKWVWpguB,3
343,spotify:artist:08ObxLXzMyHCOExZNp6ngv,spotify:artist:7hUYuHlRIDauiLbSDEfUqD,3
344,spotify:artist:08ObxLXzMyHCOExZNp6ngv,spotify:artist:4YyxuzPjIHrccNdAp9VurZ,3
345,spotify:artist:08ObxLXzMyHCOExZNp6ngv,spotify:artist:28QRwtgyX8o5hAiqavE00v,3
346,spotify:artist:08ObxLXzMyHCOExZNp6ngv,spotify:artist:5vYvhlbiLccNuac73hjVHh,3
347,spotify:artist:08ObxLXzMyHCOExZNp6ngv,spotify:artist:6zRSg9HfSPvWKMcD3PQjJI,3
348,spotify:artist:08ObxLXzMyHCOExZNp6ngv,spotify:artist:1W24sQunQXEsrvTgqublbA,3
349,spotify:artist:08ObxLXzMyHCOExZNp6ngv,spotify:artist:2wadI8Occyuywvkq9rbbn7,3
350,spotify:artist:08ObxLXzMyHCOExZNp6ngv,spotify:artist:44cbEMJmNNTtS1kgMYoQx5,3
351,spotify:artist:08ObxLXzMyHCOExZNp6ngv,spotify:artist:129qtvrwaNWQvMyWKGQIxn,3
352,spotify:artist:08ObxLXzMyHCOExZNp6ngv,spotify:artist:5RQnkOIx7q96j1TGc4qDZI,3
353,spotify:artist:08ObxLXzMyHCOExZNp6ngv,spotify:artist:1tQNLQWqEybEYuP0OaOTwF,3
354,spotify:artist:08ObxLXzMyHCOExZNp6ngv,spotify:artist:2rZXodqTlqdt3Dd7KWuAe4,3
355,spotify:artist:08ObxLXzMyHCOExZNp6ngv,spotify:artist:6NhMXds84Ni9wrHI9i2AdK,3
356,spotify:artist:08ObxLXzMyHCOExZNp6ngv,spotify:artist:2pVXXz3SoEKvqYc2iyBEon,3
357,spotify:artist:08ObxLXzMyHCOExZNp6ngv,spotify:artist:2SyCRr9X7btJvIIDBxsjCE,3
358,spotify:artist:08ObxLXzMyHCOExZNp6ngv,spotify:artist:0gKiOtd1g09DLPUB5AKLx9,3
359,spotify:artist:08ObxLXzMyHCOExZNp6ngv,spotify:artist:2fLWIXxBvPcUkru5wxLzTd,3
360,spotify:artist:0kfqVAInJjLCEMm7XafFNH,spotify:artist:6vfqHxgPuMacvHwNq64Mjg,3
361,spotify:artist:0kfqVAInJjLCEMm7XafFNH,spotify:artist:4O3lYxQaa3dj4gGaya7UYU,3
362,spotify:artist:0kfqVAInJjLCEMm7XafFNH,spotify:artist:2Ilw96AgJxhArKIpy3b1oY,3
363,spotify:artist:0kfqVAInJjLCEMm7XafFNH,spotify:artist:7i18353CDGvmHUn5PdKpk4,3
364,spotify:artist:0kfqVAInJjLCEMm7XafFNH,spotify:artist:0LiuNVVtT2UwtrtdcgCWMt,3
365,spotify:artist:0kfqVAInJjLCEMm7XafFNH,spotify:artist:2VYJ4eA2D7A3W3vKYTsSzH,3
366,spotify:artist:0kfqVAInJjLCEMm7XafFNH,spotify:artist:0mpfQZawyjoZ0GHDMH05B3,3
367,spotify:artist:0kfqVAInJjLCEMm7XafFNH,spotify:artist:6wQmOG6Yw33ZSDDvdxfvWP,3
368,spotify:artist:0kfqVAInJjLCEMm7XafFNH,spotify:artist:0wB1tdTPm3F3Ev17WrDq1w,3
369,spotify:artist:0kfqVAInJjLCEMm7XafFNH,spotify:artist:4iaQFKjcniSdaoJnY9hede,3
370,spotify:artist:0kfqVAInJjLCEMm7XafFNH,spotify:artist:4WXIF211lYZfYEn0d13Ac0,3
371,spotify:artist:0kfqVAInJjLCEMm7XafFNH,spotify:artist:3JamY45rtaJluNZPgdVSkl,3
372,spotify:artist:0kfqVAInJjLCEMm7XafFNH,spotify:artist:56fhn9tDzNifxIneqUDgje,3
373,spotify:artist:0kfqVAInJjLCEMm7XafFNH,spotify:artist:3LaOUcThc0VfZncMJg9eOk,3
374,spotify:artist:0kfqVAInJjLCEMm7XafFNH,spotify:artist:5KTVBYvHhoIUMMv3o8ZILZ,3
375,spotify:artist:0kfqVAInJjLCEMm7XafFNH,spotify:artist:7ojknTbOMIO4iivbQFnrBW,3
376,spotify:artist:0kfqVAInJjLCEMm7XafFNH,spotify:artist:3geRfxPiAcLC93h3EcFOPm,3
377,spotify:artist:0kfqVAInJjLCEMm7XafFNH,spotify:artist:2G0mlnvYZDMkO0Y035GBZt,3
378,spotify:artist:0kfqVAInJjLCEMm7XafFNH,spotify:artist:08ObxLXzMyHCOExZNp6ngv,3
379,spotify:artist:0kfqVAInJjLCEMm7XafFNH,spotify:artist:3uxiidYJwANnT1qjpnypqv,3
380,spotify:artist:4O3lYxQaa3dj4gGaya7UYU,spotify:artist:0kfqVAInJjLCEMm7XafFNH,3
381,spotify:artist:4O3lYxQaa3dj4gGaya7UYU,spotify:artist:6vfqHxgPuMacvHwNq64Mjg,3
382,spotify:artist:4O3lYxQaa3dj4gGaya7UYU,spotify:artist:0hv0KrKTLBFQ461oCwsleW,3
383,spotify:artist:4O3lYxQaa3dj4gGaya7UYU,spotify:artist:07TobptlIlx7uLSze11HvV,3
384,spotify:artist:4O3lYxQaa3dj4gGaya7UYU,spotify:artist:2Ilw96AgJxhArKIpy3b1oY,3
385,spotify:artist:4O3lYxQaa3dj4gGaya7UYU,spotify:artist:05dCkorwKiODi8aeqiHpQr,3
386,spotify:artist:4O3lYxQaa3dj4gGaya7UYU,spotify:artist:5ByC6rRA8btdF9QXQvou1H,3
387,spotify:artist:4O3lYxQaa3dj4gGaya7UYU,spotify:artist:1nD4EOUu97GWBm9dgUIjMG,3
388,spotify:artist:4O3lYxQaa3dj4gGaya7UYU,spotify:artist:4ucOu5swE2xW8ibx4yqHbE,3
389,spotify:artist:4O3lYxQaa3dj4gGaya7UYU,spotify:artist:4NgmotTa8hSBBIvyKthdqE,3
390,spotify:artist:4O3lYxQaa3dj4gGaya7UYU,spotify:artist:6VSXq2yYD3n5MFZ5ahIUDZ,3
391,spotify:artist:4O3lYxQaa3dj4gGaya7UYU,spotify:artist:3HktJTPWuDaSxExKGK4eWy,3
392,spotify:artist:4O3lYxQaa3dj4gGaya7UYU,spotify:artist:0sUKGP4ZRBx5ZOInFQ884s,3
393,spotify:artist:4O3lYxQaa3dj4gGaya7UYU,spotify:artist:2G0mlnvYZDMkO0Y035GBZt,3
394,spotify:artist:4O3lYxQaa3dj4gGaya7UYU,spotify:artist:3geRfxPiAcLC93h3EcFOPm,3
395,spotify:artist:4O3lYxQaa3dj4gGaya7UYU,spotify:artist:3gQzMl6m3bnUN81bAsPue1,3
396,spotify:artist:4O3lYxQaa3dj4gGaya7UYU,spotify:artist:07ib7Dg8x1mpU8OtQZwgqF,3
397,spotify:artist:4O3lYxQaa3dj4gGaya7UYU,spotify:artist:0izzaOWIa9n6AEfU1ca0G2,3
398,spotify:artist:4O3lYxQaa3dj4gGaya7UYU,spotify:artist:1eJEB18LdtPqjCJgSNUEGy,3
399,spotify:artist:4O3lYxQaa3dj4gGaya7UYU,spotify:artist:5Q2wZO9HtA0UQPMCxQcHiu,3
400,spotify:artist:2Ilw96AgJxhArKIpy3b1oY,spotify:artist:0kfqVAInJjLCEMm7XafFNH,3
401,spotify:artist:2Ilw96AgJxhArKIpy3b1oY,spotify:artist:6guhoJkgdjHGLR8VDuiBij,3
402,spotify:artist:2Ilw96AgJxhArKIpy3b1oY,spotify:artist:1ppiD0FZo4EJPd16jpxFCO,3
403,spotify:artist:2Ilw96AgJxhArKIpy3b1oY,spotify:artist:6vfqHxgPuMacvHwNq64Mjg,3
404,spotify:artist:2Ilw96AgJxhArKIpy3b1oY,spotify:artist:6LKu24jU4E3rlV8DTFSI2X,3
405,spotify:artist:2Ilw96AgJxhArKIpy3b1oY,spotify:artist:0CA8v6MOoW3PshEsom6x8E,3
406,spotify:artist:2Ilw96AgJxhArKIpy3b1oY,spotify:artist:6ZCOlOlt0j2f0WWLrBS4qe,3
407,spotify:artist:2Ilw96AgJxhArKIpy3b1oY,spotify:artist:6hYBRtEM8rTboQOTDFfd0R,3
408,spotify:artist:2Ilw96AgJxhArKIpy3b1oY,spotify:artist:429mpc0P2wGkdfwO6oq53K,3
409,spotify:artist:2Ilw96AgJxhArKIpy3b1oY,spotify:artist:4GfarKeZ7psDlMyQxyIwEV,3
410,spotify:artist:2Ilw96AgJxhArKIpy3b1oY,spotify:artist:6HuCVd1gfnmbI1IAbQgrbH,3
411,spotify:artist:2Ilw96AgJxhArKIpy3b1oY,spotify:artist:6S77IqGowtUH4DoN0HIY5M,3
412,spotify:artist:2Ilw96AgJxhArKIpy3b1oY,spotify:artist:25QUfZT7NDpZpVrAzPlruV,3
413,spotify:artist:2Ilw96AgJxhArKIpy3b1oY,spotify:artist:4sHA2suQiw5hIhDq95IO1H,3
414,spotify:artist:2Ilw96AgJxhArKIpy3b1oY,spotify:artist:4pfvLjTNjH9F0Wuscn529s,3
415,spotify:artist:2Ilw96AgJxhArKIpy3b1oY,spotify:artist:0nyIeVdYqgEzKHqqfqtVsV,3
416,spotify:artist:2Ilw96AgJxhArKIpy3b1oY,spotify:artist:49OkYdzD20su6cwKJqTj48,3
417,spotify:artist:2Ilw96AgJxhArKIpy3b1oY,spotify:artist:008u46cZGtvC4uWeDF3RLU,3
418,spotify:artist:2Ilw96AgJxhArKIpy3b1oY,spotify:artist:2LYG5ymNBlzplC26IUhdef,3
419,spotify:artist:2Ilw96AgJxhArKIpy3b1oY,spotify:artist:4O3lYxQaa3dj4gGaya7UYU,3
420,spotify:artist:7i18353CDGvmHUn5PdKpk4,spotify:artist:33Cjnij54yY7dwWv0o5HHZ,3
421,spotify:artist:7i18353CDGvmHUn5PdKpk4,spotify:artist:653wg9Arwo2h1mF34JJewR,3
422,spotify:artist:7i18353CDGvmHUn5PdKpk4,spotify:artist:6vfqHxgPuMacvHwNq64Mjg,3
423,spotify:artist:7i18353CDGvmHUn5PdKpk4,spotify:artist:0JrBx5mTOse2n2H3KLEsS9,3
424,spotify:artist:7i18353CDGvmHUn5PdKpk4,spotify:artist:2H0NdiQYMg5lULWIIvGqGI,3
425,spotify:artist:7i18353CDGvmHUn5PdKpk4,spotify:artist:0kfqVAInJjLCEMm7XafFNH,3
426,spotify:artist:7i18353CDGvmHUn5PdKpk4,spotify:artist:5P6jJ9rSUU5KMnoQDmaPuo,3
427,spotify:artist:7i18353CDGvmHUn5PdKpk4,spotify:artist:0eAAXzKrAwbMziLKHGTCum,3
428,spotify:artist:7i18353CDGvmHUn5PdKpk4,spotify:artist:2stHSCZ1yfP3C8lqSWAbj1,3
429,spotify:artist:7i18353CDGvmHUn5PdKpk4,spotify:artist:6wQmOG6Yw33ZSDDvdxfvWP,3
430,spotify:artist:7i18353CDGvmHUn5PdKpk4,spotify:artist:5uLKc9jyRkcyoTNF1JLWe1,3
431,spotify:artist:7i18353CDGvmHUn5PdKpk4,spotify:artist:6P2XWjXob0dNMGFbbPeDxI,3
432,spotify:artist:7i18353CDGvmHUn5PdKpk4,spotify:artist:0ONIKpDgJn3CBL9hbm1Waq,3
433,spotify:artist:7i18353CDGvmHUn5PdKpk4,spotify:artist:16mVBCP9OKYqPuGlzS61uP,3
434,spotify:artist:7i18353CDGvmHUn5PdKpk4,spotify:artist:08ObxLXzMyHCOExZNp6ngv,3
435,spotify:artist:7i18353CDGvmHUn5PdKpk4,spotify:artist:3uxiidYJwANnT1qjpnypqv,3
436,spotify:artist:7i18353CDGvmHUn5PdKpk4,spotify:artist:1hnF4gDndtUcKpcLhz8hWy,3
437,spotify:artist:7i18353CDGvmHUn5PdKpk4,spotify:artist:1XMZ9yzrO1A2mSa56G6lJi,3
438,spotify:artist:7i18353CDGvmHUn5PdKpk4,spotify:artist:5nJaZLreredogdp3ZraoOp,3
439,spotify:artist:7i18353CDGvmHUn5PdKpk4,spotify:artist:6onb6cOGho2cZgCCB9mnhI,3
440,spotify:artist:0LiuNVVtT2UwtrtdcgCWMt,spotify:artist:4AUVu3NZE7Kh7rPW8YNJqa,3
441,spotify:artist:0LiuNVVtT2UwtrtdcgCWMt,spotify:artist:6vfqHxgPuMacvHwNq64Mjg,3
442,spotify:artist:0LiuNVVtT2UwtrtdcgCWMt,spotify:artist:0vGEWKIymGUurUbxwoxE86,3
443,spotify:artist:0LiuNVVtT2UwtrtdcgCWMt,spotify:artist:1fOlTQgqQK3gw7I47r2kug,3
444,spotify:artist:0LiuNVVtT2UwtrtdcgCWMt,spotify:artist:0pD09ArjzV1kEDHmcRN3OL,3
445,spotify:artist:0LiuNVVtT2UwtrtdcgCWMt,spotify:artist:7kgBsgRnONr5A9HTe5Ga2C,3
446,spotify:artist:0LiuNVVtT2UwtrtdcgCWMt,spotify:artist:0kfqVAInJjLCEMm7XafFNH,3
447,spotify:artist:0LiuNVVtT2UwtrtdcgCWMt,spotify:artist:3lNiPYKmdhz4OqTm28SPwW,3
448,spotify:artist:0LiuNVVtT2UwtrtdcgCWMt,spotify:artist:3JamY45rtaJluNZPgdVSkl,3
449,spotify:artist:0LiuNVVtT2UwtrtdcgCWMt,spotify:artist:10ojQ7bChG9r3qMA8e0Veb,3
450,spotify:artist:0LiuNVVtT2UwtrtdcgCWMt,spotify:artist:144j8X4uvfVU64zpENyYxP,3
451,spotify:artist:0LiuNVVtT2UwtrtdcgCWMt,spotify:artist:3L48vvsuYl6u8Lplg4S61c,3
452,spotify:artist:0LiuNVVtT2UwtrtdcgCWMt,spotify:artist:6Ljba084kMrlu1SRLrVBdJ,3
453,spotify:artist:0LiuNVVtT2UwtrtdcgCWMt,spotify:artist:3geRfxPiAcLC93h3EcFOPm,3
454,spotify:artist:0LiuNVVtT2UwtrtdcgCWMt,spotify:artist:0YhB6pGdkh3yIw4srBV6Wg,3
455,spotify:artist:0LiuNVVtT2UwtrtdcgCWMt,spotify:artist:2k6WsYvun0CBfQjZAWJSVt,3
456,spotify:artist:0LiuNVVtT2UwtrtdcgCWMt,spotify:artist:1E6o35nfeqBEvCBmLzM7SP,3
457,spotify:artist:0LiuNVVtT2UwtrtdcgCWMt,spotify:artist:7sDjTPcM4qbAjfEcVyDb0n,3
458,spotify:artist:0LiuNVVtT2UwtrtdcgCWMt,spotify:artist:7Fhsnm4h6cixZNWBViFC7B,3
459,spotify:artist:0LiuNVVtT2UwtrtdcgCWMt,spotify:artist:7IdLwJPa2lCcfxciXDu2A1,3
460,spotify:artist:4gN2o0Z6w3VjEcxxSCh4xu,spotify:artist:4dfh3QZmFehErJOs9kcxNn,3
461,spotify:artist:4gN2o0Z6w3VjEcxxSCh4xu,spotify:artist:1hkZbWhhCUMBmEvVkWi2pD,3
462,spotify:artist:4gN2o0Z6w3VjEcxxSCh4xu,spotify:artist:5QwSeyHjc40G2EajAcpyte,3
463,spotify:artist:4gN2o0Z6w3VjEcxxSCh4xu,spotify:artist:47Jqt68ytcxwYkxIA3Vj6K,3
464,spotify:artist:4gN2o0Z6w3VjEcxxSCh4xu,spotify:artist:6vfqHxgPuMacvHwNq64Mjg,3
465,spotify:artist:4gN2o0Z6w3VjEcxxSCh4xu,spotify:artist:5AZoswphO41rps1xewBKn9,3
466,spotify:artist:4gN2o0Z6w3VjEcxxSCh4xu,spotify:artist:7sIyYp2lweSGzC8Wvcwo0P,3
467,spotify:artist:4gN2o0Z6w3VjEcxxSCh4xu,spotify:artist:0p7yZdyhXBipEmEWVAdxBj,3
468,spotify:artist:4gN2o0Z6w3VjEcxxSCh4xu,spotify:artist:2dBajKjILUorWLnkRxp0Te,3
469,spotify:artist:4gN2o0Z6w3VjEcxxSCh4xu,spotify:artist:35ghPqyp1HbQeFLBdIQIaO,3
470,spotify:artist:4gN2o0Z6w3VjEcxxSCh4xu,spotify:artist:5YM1xfNcbmGQEcjIiwcGvH,3
471,spotify:artist:4gN2o0Z6w3VjEcxxSCh4xu,spotify:artist:7fyfw3HvyBY4SdH0jNjmgx,3
472,spotify:artist:4gN2o0Z6w3VjEcxxSCh4xu,spotify:artist:1xOA1HxJpSDAauch8NYMFG,3
473,spotify:artist:4gN2o0Z6w3VjEcxxSCh4xu,spotify:artist:5lEG3PJgOW3xYidSfGYsLf,3
474,spotify:artist:4gN2o0Z6w3VjEcxxSCh4xu,spotify:artist:0d2Z1kftqokg4vh6Q3dpki,3
475,spotify:artist:4gN2o0Z6w3VjEcxxSCh4xu,spotify:artist:5ZC2E8qXO5x3SSDdS1rJUZ,3
476,spotify:artist:4gN2o0Z6w3VjEcxxSCh4xu,spotify:artist:5FvxAj6pmblutY16MYUWc4,3
477,spotify:artist:4gN2o0Z6w3VjEcxxSCh4xu,spotify:artist:0Ri5pD8nBnqljQsP2s3SzM,3
478,spotify:artist:4gN2o0Z6w3VjEcxxSCh4xu,spotify:artist:2Ilw96AgJxhArKIpy3b1oY,3
479,spotify:artist:4gN2o0Z6w3VjEcxxSCh4xu,spotify:artist:14kQRdZAsjlYb28FoNpc8H,3
480,spotify:artist:05dCkorwKiODi8aeqiHpQr,spotify:artist:0CnOvXczUvMvqrmfwQpIW9,3
481,spotify:artist:05dCkorwKiODi8aeqiHpQr,spotify:artist:62HAEPGmhWzfHchIerPYZJ,3
482,spotify:artist:05dCkorwKiODi8aeqiHpQr,spotify:artist:7aCcrG8vNEuNPLVDNk3XhE,3
483,spotify:artist:05dCkorwKiODi8aeqiHpQr,spotify:artist:3GbOrRzsRCD3LNEwwFZ2vy,3
484,spotify:artist:05dCkorwKiODi8aeqiHpQr,spotify:artist:6FvK4VtHQKsVqKH3J3r0OV,3
485,spotify:artist:05dCkorwKiODi8aeqiHpQr,spotify:artist:14MVRoPX1LC6cm5su44CrM,3
486,spotify:artist:05dCkorwKiODi8aeqiHpQr,spotify:artist:37WXg9TB81HbPY4ORPRQbB,3
487,spotify:artist:05dCkorwKiODi8aeqiHpQr,spotify:artist:7EEghT52d3DvpgqTxlMy6n,3
488,spotify:artist:05dCkorwKiODi8aeqiHpQr,spotify:artist:4VoIuDV63tIoFLJupNb59S,3
489,spotify:artist:05dCkorwKiODi8aeqiHpQr,spotify:artist:5TU9L0iVP8fFMA9QbN0F7m,3
490,spotify:artist:05dCkorwKiODi8aeqiHpQr,spotify:artist:61VITvGJd6zOAoWsnCJdMB,3
491,spotify:artist:05dCkorwKiODi8aeqiHpQr,spotify:artist:083Zbg8ByPfv1FEZ0TRnjZ,3
492,spotify:artist:05dCkorwKiODi8aeqiHpQr,spotify:artist:0GvnpLPsbWtDOqpA7BeJaV,3
493,spotify:artist:05dCkorwKiODi8aeqiHpQr,spotify:artist:5K7in2g5UwDxatwlRqNRZX,3
494,spotify:artist:05dCkorwKiODi8aeqiHpQr,spotify:artist:6BuaFf9rDLYqRgZhnzwvy5,3
495,spotify:artist:05dCkorwKiODi8aeqiHpQr,spotify:artist:1FpUYWktSYkpryKsKQFWiK,3
496,spotify:artist:05dCkorwKiODi8aeqiHpQr,spotify:artist:3H7Mab3ekd2nFkjy9n6co4,3
497,spotify:artist:05dCkorwKiODi8aeqiHpQr,spotify:artist:1sWAcwfPuIuEdS4dSTd3HR,3
498,spotify:artist:05dCkorwKiODi8aeqiHpQr,spotify:artist:5GTUEXrVmDIiJY9nPxvxdN,3
499,spotify:artist:05dCkorwKiODi8aeqiHpQr,spotify:artist:2xI0dIjtJhMNGA5NB8GgaO,3
500,spotify:artist:4dfh3QZmFehErJOs9kcxNn,spotify:artist:4gN2o0Z6w3VjEcxxSCh4xu,3
501,spotify:artist:4dfh3QZmFehErJOs9kcxNn,spotify:artist:1hkZbWhhCUMBmEvVkWi2pD,3
502,spotify:artist:4dfh3QZmFehErJOs9kcxNn,spotify:artist:5ZLEMclmoUHNjOwhuHtH0a,3
503,spotify:artist:4dfh3QZmFehErJOs9kcxNn,spotify:artist:5QwSeyHjc40G2EajAcpyte,3
504,spotify:artist:4dfh3QZmFehErJOs9kcxNn,spotify:artist:2dBajKjILUorWLnkRxp0Te,3
505,spotify:artist:4dfh3QZmFehErJOs9kcxNn,spotify:artist:4jaDkRuXWZC4w2qJglBMZk,3
506,spotify:artist:4dfh3QZmFehErJOs9kcxNn,spotify:artist:7kvLLRSIkt2P5xBFnTU0Cv,3
507,spotify:artist:4dfh3QZmFehErJOs9kcxNn,spotify:artist:6BJ6s6XKYuBK6zmTlbeZrd,3
508,spotify:artist:4dfh3QZmFehErJOs9kcxNn,spotify:artist:2vifr8els31THYvlzL9pf3,3
509,spotify:artist:4dfh3QZmFehErJOs9kcxNn,spotify:artist:5BstKaIZAOUvtSfVELdsyW,3
510,spotify:artist:4dfh3QZmFehErJOs9kcxNn,spotify:artist:2T0QIu2sShDV5hz09muBIn,3
511,spotify:artist:4dfh3QZmFehErJOs9kcxNn,spotify:artist:6E4GBOpfTWYx6ITLpB0Z9N,3
512,spotify:artist:4dfh3QZmFehErJOs9kcxNn,spotify:artist:0Ri5pD8nBnqljQsP2s3SzM,3
513,spotify:artist:4dfh3QZmFehErJOs9kcxNn,spotify:artist:7ttX2sEh1t3QmDR9XHbxes,3
514,spotify:artist:4dfh3QZmFehErJOs9kcxNn,spotify:artist:0d2Z1kftqokg4vh6Q3dpki,3
515,spotify:artist:4dfh3QZmFehErJOs9kcxNn,spotify:artist:5wpssTMwetji00KcMMVM5C,3
516,spotify:artist:4dfh3QZmFehErJOs9kcxNn,spotify:artist:4ps7KjHxLTfb4SgWvyEVPB,3
517,spotify:artist:4dfh3QZmFehErJOs9kcxNn,spotify:artist:7uQ5PBuNTiuYSm4YlulXH9,3
518,spotify:artist:4dfh3QZmFehErJOs9kcxNn,spotify:artist:5FvxAj6pmblutY16MYUWc4,3
519,spotify:artist:4dfh3QZmFehErJOs9kcxNn,spotify:artist:0zjOVp72yZJQY29j3JfJpX,3
520,spotify:artist:6wQmOG6Yw33ZSDDvdxfvWP,spotify:artist:6hmpBTWQqmloyOu0hq6s8q,3
521,spotify:artist:6wQmOG6Yw33ZSDDvdxfvWP,spotify:artist:01BXyPnpPYW2BhDcKSQyU9,3
522,spotify:artist:6wQmOG6Yw33ZSDDvdxfvWP,spotify:artist:0ImafEbBG9Aa4b3jhDFxz9,3
523,spotify:artist:6wQmOG6Yw33ZSDDvdxfvWP,spotify:artist:5RTiISA2iq6ViQuLUi7HdB,3
524,spotify:artist:6wQmOG6Yw33ZSDDvdxfvWP,spotify:artist:5BxtbtwwHXC3HA5kAn06sK,3
525,spotify:artist:6wQmOG6Yw33ZSDDvdxfvWP,spotify:artist:3qkad6IOl1IkUTnZd7wqtv,3
526,spotify:artist:6wQmOG6Yw33ZSDDvdxfvWP,spotify:artist:06SZNHoCDFWdg9iLthSA2k,3
527,spotify:artist:6wQmOG6Yw33ZSDDvdxfvWP,spotify:artist:7K1cvWBlDmiXjsIme3egUS,3
528,spotify:artist:6wQmOG6Yw33ZSDDvdxfvWP,spotify:artist:2NCODG65gLyb8FiC6hdKBd,3
529,spotify:artist:6wQmOG6Yw33ZSDDvdxfvWP,spotify:artist:2fnV6seL0Y3klLT1gR7Qa2,3
530,spotify:artist:6wQmOG6Yw33ZSDDvdxfvWP,spotify:artist:1ziPD4TP8vga3QGMKOttdY,3
531,spotify:artist:6wQmOG6Yw33ZSDDvdxfvWP,spotify:artist:3P3iJ6AlAdlb4tYAu00Fhk,3
532,spotify:artist:6wQmOG6Yw33ZSDDvdxfvWP,spotify:artist:1BAKGwzVOXBHXTLVc51UtF,3
533,spotify:artist:6wQmOG6Yw33ZSDDvdxfvWP,spotify:artist:7K566tVDqJjUtOluRJbvr6,3
534,spotify:artist:6wQmOG6Yw33ZSDDvdxfvWP,spotify:artist:4Ait1vX2ZaWPrkua8Z664O,3
535,spotify:artist:6wQmOG6Yw33ZSDDvdxfvWP,spotify:artist:1vEqG4Bxz3YIMuDkIcvg6J,3
536,spotify:artist:6wQmOG6Yw33ZSDDvdxfvWP,spotify:artist:4SvVZW9Hpl9QBXGo7THYXe,3
537,spotify:artist:6wQmOG6Yw33ZSDDvdxfvWP,spotify:artist:0KsoLloorTqFLrq5XyB8ny,3
538,spotify:artist:6wQmOG6Yw33ZSDDvdxfvWP,spotify:artist:7epIIT85VR8OEggqKO3RSt,3
539,spotify:artist:6wQmOG6Yw33ZSDDvdxfvWP,spotify:artist:4FhEJXt9Dnh48FsjLN0JEh,3
540,spotify:artist:3N4nC51lvimXdPE0M9lEXd,spotify:artist:1kHRymNPmogG52AtyIJKQF,3
541,spotify:artist:3N4nC51lvimXdPE0M9lEXd,spotify:artist:36PWgrlKrQpL8vvRR2kURR,3
542,spotify:artist:3N4nC51lvimXdPE0M9lEXd,spotify:artist:3WXUVTFKEiMpV82ufkF7hL,3
543,spotify:artist:3N4nC51lvimXdPE0M9lEXd,spotify:artist:1WudWVQDLMeDWQMA7yCoMI,3
544,spotify:artist:3N4nC51lvimXdPE0M9lEXd,spotify:artist:1oNs5dzJ8puPCQwSwPcVtv,3
545,spotify:artist:3N4nC51lvimXdPE0M9lEXd,spotify:artist:5pRxS1TqblxFku49c4BnLV,3
546,spotify:artist:3N4nC51lvimXdPE0M9lEXd,spotify:artist:1dtiGEl2aljrMiP2QqqoZZ,3
547,spotify:artist:3N4nC51lvimXdPE0M9lEXd,spotify:artist:6vNQcK5GY7IHShnGWsS3iD,3
548,spotify:artist:3N4nC51lvimXdPE0M9lEXd,spotify:artist:0JE6zkJHzUQRY7rmI919eo,3
549,spotify:artist:3N4nC51lvimXdPE0M9lEXd,spotify:artist:1CuKAq5KpU3pMkRQ5Lxe7G,3
550,spotify:artist:3N4nC51lvimXdPE0M9lEXd,spotify:artist:5d0oJmM0pl53UfUTSnWl4E,3
551,spotify:artist:3N4nC51lvimXdPE0M9lEXd,spotify:artist:4YW1GDcW9hobRPMDi8v6XH,3
552,spotify:artist:3N4nC51lvimXdPE0M9lEXd,spotify:artist:2QNICn5WdFBTSwP6w6wbIM,3
553,spotify:artist:3N4nC51lvimXdPE0M9lEXd,spotify:artist:7DHLWUbPofoFR1yRFfgL5a,3
554,spotify:artist:3N4nC51lvimXdPE0M9lEXd,spotify:artist:74Oylv04NiDqeOhzZhz7LM,3
555,spotify:artist:3N4nC51lvimXdPE0M9lEXd,spotify:artist:38eA1ThaS4uXfJjh8N8OaX,3
556,spotify:artist:3N4nC51lvimXdPE0M9lEXd,spotify:artist:0tko2stnUOqejIto8rKRh7,3
557,spotify:artist:3N4nC51lvimXdPE0M9lEXd,spotify:artist:57jIhbre5LNTiR4Pr60wUs,3
558,spotify:artist:3N4nC51lvimXdPE0M9lEXd,spotify:artist:01pBL0us3fnmy2SHHmgYQT,3
559,spotify:artist:3N4nC51lvimXdPE0M9lEXd,spotify:artist:7tH0WnMY4YhHtLPWxO1eMX,3
560,spotify:artist:3JamY45rtaJluNZPgdVSkl,spotify:artist:6vfqHxgPuMacvHwNq64Mjg,3
561,spotify:artist:3JamY45rtaJluNZPgdVSkl,spotify:artist:0LiuNVVtT2UwtrtdcgCWMt,3
562,spotify:artist:3JamY45rtaJluNZPgdVSkl,spotify:artist:2YxWfCnpDBjgKuA9tkIUpH,3
563,spotify:artist:3JamY45rtaJluNZPgdVSkl,spotify:artist:0JCxGVxsISZzJHJPUOtceB,3
564,spotify:artist:3JamY45rtaJluNZPgdVSkl,spotify:artist:3ktDya0wP9SPhUPQyruOe5,3
565,spotify:artist:3JamY45rtaJluNZPgdVSkl,spotify:artist:1cHFz6lrt7KAsBV8j2Ny1g,3
566,spotify:artist:3JamY45rtaJluNZPgdVSkl,spotify:artist:32q68P7MCe6KT7jG4EPSPi,3
567,spotify:artist:3JamY45rtaJluNZPgdVSkl,spotify:artist:6kV4fLeTzFkUJ2sNeVTfXp,3
568,spotify:artist:3JamY45rtaJluNZPgdVSkl,spotify:artist:6K6xWnaEyVonkhSFqW1yYX,3
569,spotify:artist:3JamY45rtaJluNZPgdVSkl,spotify:artist:0WJKkoEXsVTxyNZKhdcacl,3
570,spotify:artist:3JamY45rtaJluNZPgdVSkl,spotify:artist:5rZFb2fy8NUrmkoElQpakE,3
571,spotify:artist:3JamY45rtaJluNZPgdVSkl,spotify:artist:5f9fJGC5O6La0pTAD1sjFb,3
572,spotify:artist:3JamY45rtaJluNZPgdVSkl,spotify:artist:32dnyjkDbyCDufOILiPn4C,3
573,spotify:artist:3JamY45rtaJluNZPgdVSkl,spotify:artist:2Ilw96AgJxhArKIpy3b1oY,3
574,spotify:artist:3JamY45rtaJluNZPgdVSkl,spotify:artist:3rfmw62SuChqfQ2HyNKHt4,3
575,spotify:artist:3JamY45rtaJluNZPgdVSkl,spotify:artist:0NlX1W0yjS9FWyDBbHcGuY,3
576,spotify:artist:3JamY45rtaJluNZPgdVSkl,spotify:artist:4FvoXraHvJGns1MKhPBN5B,3
577,spotify:artist:3JamY45rtaJluNZPgdVSkl,spotify:artist:3rDemutyfe2R0RenUkxZgl,3
578,spotify:artist:3JamY45rtaJluNZPgdVSkl,spotify:artist:0z51oMD1IlExmnfVFJCnln,3
579,spotify:artist:3JamY45rtaJluNZPgdVSkl,spotify:artist:11pLSNOph5tNWyhoifQKwY,3
580,spotify:artist:6VSXq2yYD3n5MFZ5ahIUDZ,spotify:artist:0WVLOYe2HtqDujZIgIOrSX,3
581,spotify:artist:6VSXq2yYD3n5MFZ5ahIUDZ,spotify:artist:6WrrlbNQL3ZrupCkVeD5DO,3
582,spotify:artist:6VSXq2yYD3n5MFZ5ahIUDZ,spotify:artist:0YpGpWAZUVTsDmez6uOEU8,3
583,spotify:artist:6VSXq2yYD3n5MFZ5ahIUDZ,spotify:artist:3BxLMYkG1Y4BT1ocuGT0At,3
584,spotify:artist:6VSXq2yYD3n5MFZ5ahIUDZ,spotify:artist:6JrmofdhxBatsnpTA10CHB,3
585,spotify:artist:6VSXq2yYD3n5MFZ5ahIUDZ,spotify:artist:0bene1BaDgeo5bbwKDqcKw,3
586,spotify:artist:6VSXq2yYD3n5MFZ5ahIUDZ,spotify:artist:3Wx4kV3ZVzFuite9PuBQip,3
587,spotify:artist:6VSXq2yYD3n5MFZ5ahIUDZ,spotify:artist:6HWUXnbMgWLWzkQAiTb4MZ,3
588,spotify:artist:6VSXq2yYD3n5MFZ5ahIUDZ,spotify:artist:76TF9jq4MhpkMBwTsSJ2oW,3
589,spotify:artist:6VSXq2yYD3n5MFZ5ahIUDZ,spotify:artist:6hg70ulbsTWaH4nl3i5S4H,3
590,spotify:artist:6VSXq2yYD3n5MFZ5ahIUDZ,spotify:artist:7lPJLYJvHtFBy8gOYfMe3R,3
591,spotify:artist:6VSXq2yYD3n5MFZ5ahIUDZ,spotify:artist:7iEy8zKFtlYIINaxxLIyBk,3
592,spotify:artist:6VSXq2yYD3n5MFZ5ahIUDZ,spotify:artist:2hIvOHaLTl9XCyCbNPwYzT,3
593,spotify:artist:6VSXq2yYD3n5MFZ5ahIUDZ,spotify:artist:5zhKRxsS4pRPhkO6vbE07u,3
594,spotify:artist:6VSXq2yYD3n5MFZ5ahIUDZ,spotify:artist:1aoAseexNuwSuXVAGPfLex,3
595,spotify:artist:6VSXq2yYD3n5MFZ5ahIUDZ,spotify:artist:6ruMOwHKTLjGkGxpG32RTM,3
596,spotify:artist:6VSXq2yYD3n5MFZ5ahIUDZ,spotify:artist:2bEFxVGVlzEIEdDAaQZCrc,3
597,spotify:artist:6VSXq2yYD3n5MFZ5ahIUDZ,spotify:artist:4gzyIFii6fWdCiLsP0bocC,3
598,spotify:artist:6VSXq2yYD3n5MFZ5ahIUDZ,spotify:artist:3NVq1zLqcRpWY9EPCRxsbw,3
599,spotify:artist:6VSXq2yYD3n5MFZ5ahIUDZ,spotify:artist:4x0DaBFhtHy0ol0ia4UJaP,3
600,spotify:artist:0hJ58qGdS4sQs5MVXQeu50,spotify:artist:1PKmNXO6sRL9rTpvBbegRt,3
601,spotify:artist:0hJ58qGdS4sQs5MVXQeu50,spotify:artist:3nFGVp19jFFnSKGJJv7xXL,3
602,spotify:artist:0hJ58qGdS4sQs5MVXQeu50,spotify:artist:51TLNDaOwuzg2aZg6HZorX,3
603,spotify:artist:0hJ58qGdS4sQs5MVXQeu50,spotify:artist:7tdIls6XttT869Q58YgRxY,3
604,spotify:artist:0hJ58qGdS4sQs5MVXQeu50,spotify:artist:56cdaJoD6OfVysvR3i9bFt,3
605,spotify:artist:0hJ58qGdS4sQs5MVXQeu50,spotify:artist:2RpPiuAUqVoauCr2yZL3EL,3
606,spotify:artist:0hJ58qGdS4sQs5MVXQeu50,spotify:artist:5ohbZA2OsmZnDkdBNPkSEV,3
607,spotify:artist:0hJ58qGdS4sQs5MVXQeu50,spotify:artist:4tMod3EKzfTFXAWrweaZ5V,3
608,spotify:artist:0hJ58qGdS4sQs5MVXQeu50,spotify:artist:0KsUqjBaQydYEZmObN5gBf,3
609,spotify:artist:0hJ58qGdS4sQs5MVXQeu50,spotify:artist:44cg6eOAUtkSAPsiKAW8j2,3
610,spotify:artist:0hJ58qGdS4sQs5MVXQeu50,spotify:artist:7GNuEjKvveY5Sfjl10Rem7,3
611,spotify:artist:0hJ58qGdS4sQs5MVXQeu50,spotify:artist:4dCwKmv2qTxchrU0gvBvgX,3
612,spotify:artist:0hJ58qGdS4sQs5MVXQeu50,spotify:artist:3YZnW4ScWMQlYSPqBrBQNE,3
613,spotify:artist:0hJ58qGdS4sQs5MVXQeu50,spotify:artist:6MoojYYYCJn4jG3BWLSHbO,3
614,spotify:artist:0hJ58qGdS4sQs5MVXQeu50,spotify:artist:3gAR7THMrV8SyRhEPn7Ivm,3
615,spotify:artist:0hJ58qGdS4sQs5MVXQeu50,spotify:artist:3seDg73CdecxzMWMHmi76K,3
616,spotify:artist:0hJ58qGdS4sQs5MVXQeu50,spotify:artist:2DAIfTGLz3y7SVKeB2LRWo,3
617,spotify:artist:0hJ58qGdS4sQs5MVXQeu50,spotify:artist:2M7MTTBH3Rjd91VYmzp5z9,3
618,spotify:artist:0hJ58qGdS4sQs5MVXQeu50,spotify:artist:32V3hvq66zFWHD0GJbhy1C,3
619,spotify:artist:0hJ58qGdS4sQs5MVXQeu50,spotify:artist:4OV7r23QXDw7oPRrMwWS0D,3
620,spotify:artist:08ObxLXzMyHCOExZNp6ngv,spotify:artist:1GmnnB0JmbSe5PD1iTsek3,3
621,spotify:artist:08ObxLXzMyHCOExZNp6ngv,spotify:artist:3uxiidYJwANnT1qjpnypqv,3
622,spotify:artist:08ObxLXzMyHCOExZNp6ngv,spotify:artist:6ix1BqV9tcnoKfKWVWpguB,3
623,spotify:artist:08ObxLXzMyHCOExZNp6ngv,spotify:artist:7hUYuHlRIDauiLbSDEfUqD,3
624,spotify:artist:08ObxLXzMyHCOExZNp6ngv,spotify:artist:4YyxuzPjIHrccNdAp9VurZ,3
625,spotify:artist:08ObxLXzMyHCOExZNp6ngv,spotify:artist:28QRwtgyX8o5hAiqavE00v,3
626,spotify:artist:08ObxLXzMyHCOExZNp6ngv,spotify:artist:5vYvhlbiLccNuac73hjVHh,3
627,spotify:artist:08ObxLXzMyHCOExZNp6ngv,spotify:artist:6zRSg9HfSPvWKMcD3PQjJI,3
628,spotify:artist:08ObxLXzMyHCOExZNp6ngv,spotify:artist:1W24sQunQXEsrvTgqublbA,3
629,spotify:artist:08ObxLXzMyHCOExZNp6ngv,spotify:artist:2wadI8Occyuywvkq9rbbn7,3
630,spotify:artist:08ObxLXzMyHCOExZNp6ngv,spotify:artist:44cbEMJmNNTtS1kgMYoQx5,3
631,spotify:artist:08ObxLXzMyHCOExZNp6ngv,spotify:artist:129qtvrwaNWQvMyWKGQIxn,3
632,spotify:artist:08ObxLXzMyHCOExZNp6ngv,spotify:artist:5RQnkOIx7q96j1TGc4qDZI,3
633,spotify:artist:08ObxLXzMyHCOExZNp6ngv,spotify:artist:1tQNLQWqEybEYuP0OaOTwF,3
634,spotify:artist:08ObxLXzMyHCOExZNp6ngv,spotify:artist:2rZXodqTlqdt3Dd7KWuAe4,3
635,spotify:artist:08ObxLXzMyHCOExZNp6ngv,spotify:artist:6NhMXds84Ni9wrHI9i2AdK,3
636,spotify:artist:08ObxLXzMyHCOExZNp6ngv,spotify:artist:2pVXXz3SoEKvqYc2iyBEon,3
637,spotify:artist:08ObxLXzMyHCOExZNp6ngv,spotify:artist:2SyCRr9X7btJvIIDBxsjCE,3
638,spotify:artist:08ObxLXzMyHCOExZNp6ngv,spotify:artist:0gKiOtd1g09DLPUB5AKLx9,3
639,spotify:artist:08ObxLXzMyHCOExZNp6ngv,spotify:artist:2fLWIXxBvPcUkru5wxLzTd,3
640,spotify:artist:1j7PIiimRdwdm6HOyFtVn8,spotify:artist:0LBQMOBMvVqi2mXLsEzjqw,3
641,spotify:artist:1j7PIiimRdwdm6HOyFtVn8,spotify:artist:3rs36nEAmz3ueVNDd6f1lw,3
642,spotify:artist:1j7PIiimRdwdm6HOyFtVn8,spotify:artist:6LKu24jU4E3rlV8DTFSI2X,3
643,spotify:artist:1j7PIiimRdwdm6HOyFtVn8,spotify:artist:0CA8v6MOoW3PshEsom6x8E,3
644,spotify:artist:1j7PIiimRdwdm6HOyFtVn8,spotify:artist:6ZCOlOlt0j2f0WWLrBS4qe,3
645,spotify:artist:1j7PIiimRdwdm6HOyFtVn8,spotify:artist:2OWopoPeZ5Uq5pxbvwpgoN,3
646,spotify:artist:1j7PIiimRdwdm6HOyFtVn8,spotify:artist:4HHsvq9Fj3pYdpSx4Dk4cv,3
647,spotify:artist:1j7PIiimRdwdm6HOyFtVn8,spotify:artist:4x0WhpIKeyVD0Q7WbbWhrw,3
648,spotify:artist:1j7PIiimRdwdm6HOyFtVn8,spotify:artist:0Lp8qrCCD1CNecQ3A6eyM3,3
649,spotify:artist:1j7PIiimRdwdm6HOyFtVn8,spotify:artist:2lgOmRrpzAYN3kXBgLt14u,3
650,spotify:artist:1j7PIiimRdwdm6HOyFtVn8,spotify:artist:3S3zMWY7anFCIUSfdptsfY,3
651,spotify:artist:1j7PIiimRdwdm6HOyFtVn8,spotify:artist:49XI259iPxxbqTzPfpZtR8,3
652,spotify:artist:1j7PIiimRdwdm6HOyFtVn8,spotify:artist:4R3E1B4kOQsec4u9Pvqscu,3
653,spotify:artist:1j7PIiimRdwdm6HOyFtVn8,spotify:artist:6c10mh5yK8BUe8BUSFGJo1,3
654,spotify:artist:1j7PIiimRdwdm6HOyFtVn8,spotify:artist:7evvp8K9upd3HsOIaS54ao,3
655,spotify:artist:1j7PIiimRdwdm6HOyFtVn8,spotify:artist:7IYh2xLPsJb7lVfM4LbsoF,3
656,spotify:artist:1j7PIiimRdwdm6HOyFtVn8,spotify:artist:6o8FH85XesqgqrOJoXIMbO,3
657,spotify:artist:1j7PIiimRdwdm6HOyFtVn8,spotify:artist:653yYWQUaIXmbwKEGRUSMc,3
658,spotify:artist:1j7PIiimRdwdm6HOyFtVn8,spotify:artist:43Xbgme9BKet1Ir9AiPerq,3
659,spotify:artist:1j7PIiimRdwdm6HOyFtVn8,spotify:artist:0o0HlxH5ekp0GJnK1t8Sl6,3
660,spotify:artist:1ubtXErMqrqIhIKYqokGqr,spotify:artist:0cf0YTxUAjEs4Nm0Nv1weu,3
661,spotify:artist:1ubtXErMqrqIhIKYqokGqr,spotify:artist:6c10mh5yK8BUe8BUSFGJo1,3
662,spotify:artist:1ubtXErMqrqIhIKYqokGqr,spotify:artist:5CDUdzbPsQg21ZA5oEyzCl,3
663,spotify:artist:1ubtXErMqrqIhIKYqokGqr,spotify:artist:2eXum66SQkN0wqoTiTvkde,3
664,spotify:artist:1ubtXErMqrqIhIKYqokGqr,spotify:artist:3Rq438x6GJhvpYFuPTJFpn,3
665,spotify:artist:1ubtXErMqrqIhIKYqokGqr,spotify:artist:1bZh4m3gglxoCXKUKmg0qc,3
666,spotify:artist:1ubtXErMqrqIhIKYqokGqr,spotify:artist:1D0iUkVhBS3vWXrspZrRib,3
667,spotify:artist:1ubtXErMqrqIhIKYqokGqr,spotify:artist:3tRBfp0T9A3njyffCwQuxp,3
668,spotify:artist:1ubtXErMqrqIhIKYqokGqr,spotify:artist:6oPwRu0ReZ5abl76Xbs1qV,3
669,spotify:artist:1ubtXErMqrqIhIKYqokGqr,spotify:artist:6qbFP6ljNesGwJaXX2Tagi,3
670,spotify:artist:1ubtXErMqrqIhIKYqokGqr,spotify:artist:22bJhQGkWdwpszLzkKtPoJ,3
671,spotify:artist:1ubtXErMqrqIhIKYqokGqr,spotify:artist:43Xbgme9BKet1Ir9AiPerq,3
672,spotify:artist:1ubtXErMqrqIhIKYqokGqr,spotify:artist:0MgGHXGazjuQ963pt4fbqH,3
673,spotify:artist:1ubtXErMqrqIhIKYqokGqr,spotify:artist:1oeoIpeEq0VSyYCi9J9nXO,3
674,spotify:artist:1ubtXErMqrqIhIKYqokGqr,spotify:artist:1ppiD0FZo4EJPd16jpxFCO,3
675,spotify:artist:1ubtXErMqrqIhIKYqokGqr,spotify:artist:2teTlouxFk77MSU2LHO42o,3
676,spotify:artist:1ubtXErMqrqIhIKYqokGqr,spotify:artist:45kaIcuno8ewz9mcND9gPr,3
677,spotify:artist:1ubtXErMqrqIhIKYqokGqr,spotify:artist:57kcPale55BlvidhsSaoVz,3
678,spotify:artist:1ubtXErMqrqIhIKYqokGqr,spotify:artist:5dlMGma6WsYPqriGBO7SuV,3
679,spotify:artist:1ubtXErMqrqIhIKYqokGqr,spotify:artist:7xc0FElUMZm51WR30cJ42H,3
680,spotify:artist:3T0qDRHpw9MEWJk28BO0kO,spotify:artist:60LUHFJAXJ0M6cJN7CveZO,3
681,spotify:artist:3T0qDRHpw9MEWJk28BO0kO,spotify:artist:78wIHRg0nGgaTqsqae9Qrk,3
682,spotify:artist:3T0qDRHpw9MEWJk28BO0kO,spotify:artist:4PE0tzbpMYZVSh07ekTGnq,3
683,spotify:artist:3T0qDRHpw9MEWJk28BO0kO,spotify:artist:5o771An3SpbSk6scVj1Cm8,3
684,spotify:artist:3T0qDRHpw9MEWJk28BO0kO,spotify:artist:6LKu24jU4E3rlV8DTFSI2X,3
685,spotify:artist:3T0qDRHpw9MEWJk28BO0kO,spotify:artist:0CA8v6MOoW3PshEsom6x8E,3
686,spotify:artist:3T0qDRHpw9MEWJk28BO0kO,spotify:artist:6ZCOlOlt0j2f0WWLrBS4qe,3
687,spotify:artist:3T0qDRHpw9MEWJk28BO0kO,spotify:artist:2znXaRTq804dVgIwBXz1Q5,3
688,spotify:artist:3T0qDRHpw9MEWJk28BO0kO,spotify:artist:2BfI73ObIejiZLo3fxAHyo,3
689,spotify:artist:3T0qDRHpw9MEWJk28BO0kO,spotify:artist:2CZVvhhXTqmq9Z2vPadMJU,3
690,spotify:artist:3T0qDRHpw9MEWJk28BO0kO,spotify:artist:4x0WhpIKeyVD0Q7WbbWhrw,3
691,spotify:artist:3T0qDRHpw9MEWJk28BO0kO,spotify:artist:0gMZxo91BJXghFv30sHiM4,3
692,spotify:artist:3T0qDRHpw9MEWJk28BO0kO,spotify:artist:5flq3bte93tk1VIZ0xzhZl,3
693,spotify:artist:3T0qDRHpw9MEWJk28BO0kO,spotify:artist:5gPjvSww44ex1gnDZYZQNq,3
694,spotify:artist:3T0qDRHpw9MEWJk28BO0kO,spotify:artist:1j7PIiimRdwdm6HOyFtVn8,3
695,spotify:artist:3T0qDRHpw9MEWJk28BO0kO,spotify:artist:6U3dunbMkmMV3SWARZ5u63,3
696,spotify:artist:3T0qDRHpw9MEWJk28BO0kO,spotify:artist:0Lp8qrCCD1CNecQ3A6eyM3,3
697,spotify:artist:3T0qDRHpw9MEWJk28BO0kO,spotify:artist:2lgOmRrpzAYN3kXBgLt14u,3
698,spotify:artist:3T0qDRHpw9MEWJk28BO0kO,spotify:artist:3S3zMWY7anFCIUSfdptsfY,3
699,spotify:artist:3T0qDRHpw9MEWJk28BO0kO,spotify:artist:49XI259iPxxbqTzPfpZtR8,3
700,spotify:artist:4VYmmC6jVM3pdxyJZ2GkyH,spotify:artist:5rk5w23yzfSX1r32y5DRER,3
701,spotify:artist:4VYmmC6jVM3pdxyJZ2GkyH,spotify:artist:0QN9tpNEDWg6128Kdzafab,3
702,spotify:artist:4VYmmC6jVM3pdxyJZ2GkyH,spotify:artist:5Xo0AXLueVvtvnYCftwo5G,3
703,spotify:artist:4VYmmC6jVM3pdxyJZ2GkyH,spotify:artist:6Jmcju6CMozorqHCVoQB2e,3
704,spotify:artist:4VYmmC6jVM3pdxyJZ2GkyH,spotify:artist:62GVUyFF8qLfC8mKBFKnmK,3
705,spotify:artist:4VYmmC6jVM3pdxyJZ2GkyH,spotify:artist:3tc5O6Blz62oYIm6cy6nDN,3
706,spotify:artist:4VYmmC6jVM3pdxyJZ2GkyH,spotify:artist:0Sh2X6e3JerGnyEF0vDgbk,3
707,spotify:artist:4VYmmC6jVM3pdxyJZ2GkyH,spotify:artist:76Gi1qoWLrIerL5FcL0TZb,3
708,spotify:artist:4VYmmC6jVM3pdxyJZ2GkyH,spotify:artist:6GcgRheAQRGpkEhsg5nG6m,3
709,spotify:artist:4VYmmC6jVM3pdxyJZ2GkyH,spotify:artist:0QWrMNukfcVOmgEU0FEDyD,3
710,spotify:artist:4VYmmC6jVM3pdxyJZ2GkyH,spotify:artist:7w7DFqQNjVMW5NRvjM8JPx,3
711,spotify:artist:4VYmmC6jVM3pdxyJZ2GkyH,spotify:artist:21SOnTj5ECwVXeBUTRcP3s,3
712,spotify:artist:4VYmmC6jVM3pdxyJZ2GkyH,spotify:artist:5olDKSsFhhmwh8UCWwKtpq,3
713,spotify:artist:4VYmmC6jVM3pdxyJZ2GkyH,spotify:artist:1UhC1mCcd9SFXLibHhMX61,3
714,spotify:artist:4VYmmC6jVM3pdxyJZ2GkyH,spotify:artist:2F9WG9ugzneeesOZfmQ18V,3
715,spotify:artist:4VYmmC6jVM3pdxyJZ2GkyH,spotify:artist:2EsmKkHsXK0WMNGOtIhbxr,3
716,spotify:artist:4VYmmC6jVM3pdxyJZ2GkyH,spotify:artist:3sRX2AuJCF5rblkGm2wMSM,3
717,spotify:artist:4VYmmC6jVM3pdxyJZ2GkyH,spotify:artist:5B6X5CZS2DBDhWvwrXjJch,3
718,spotify:artist:4VYmmC6jVM3pdxyJZ2GkyH,spotify:artist:1uvnDqn7UvVy6orSq1E2YF,3
719,spotify:artist:4VYmmC6jVM3pdxyJZ2GkyH,spotify:artist:3VEG6gxFIMfl4Cdog26avS,3
720,spotify:artist:0kfqVAInJjLCEMm7XafFNH,spotify:artist:6vfqHxgPuMacvHwNq64Mjg,3
721,spotify:artist:0kfqVAInJjLCEMm7XafFNH,spotify:artist:4O3lYxQaa3dj4gGaya7UYU,3
722,spotify:artist:0kfqVAInJjLCEMm7XafFNH,spotify:artist:2Ilw96AgJxhArKIpy3b1oY,3
723,spotify:artist:0kfqVAInJjLCEMm7XafFNH,spotify:artist:7i18353CDGvmHUn5PdKpk4,3
724,spotify:artist:0kfqVAInJjLCEMm7XafFNH,spotify:artist:0LiuNVVtT2UwtrtdcgCWMt,3
725,spotify:artist:0kfqVAInJjLCEMm7XafFNH,spotify:artist:2VYJ4eA2D7A3W3vKYTsSzH,3
726,spotify:artist:0kfqVAInJjLCEMm7XafFNH,spotify:artist:0mpfQZawyjoZ0GHDMH05B3,3
727,spotify:artist:0kfqVAInJjLCEMm7XafFNH,spotify:artist:6wQmOG6Yw33ZSDDvdxfvWP,3
728,spotify:artist:0kfqVAInJjLCEMm7XafFNH,spotify:artist:0wB1tdTPm3F3Ev17WrDq1w,3
729,spotify:artist:0kfqVAInJjLCEMm7XafFNH,spotify:artist:4iaQFKjcniSdaoJnY9hede,3
730,spotify:artist:0kfqVAInJjLCEMm7XafFNH,spotify:artist:4WXIF211lYZfYEn0d13Ac0,3
731,spotify:artist:0kfqVAInJjLCEMm7XafFNH,spotify:artist:3JamY45rtaJluNZPgdVSkl,3
732,spotify:artist:0kfqVAInJjLCEMm7XafFNH,spotify:artist:56fhn9tDzNifxIneqUDgje,3
733,spotify:artist:0kfqVAInJjLCEMm7XafFNH,spotify:artist:3LaOUcThc0VfZncMJg9eOk,3
734,spotify:artist:0kfqVAInJjLCEMm7XafFNH,spotify:artist:5KTVBYvHhoIUMMv3o8ZILZ,3
735,spotify:artist:0kfqVAInJjLCEMm7XafFNH,spotify:artist:7ojknTbOMIO4iivbQFnrBW,3
736,spotify:artist:0kfqVAInJjLCEMm7XafFNH,spotify:artist:3geRfxPiAcLC93h3EcFOPm,3
737,spotify:artist:0kfqVAInJjLCEMm7XafFNH,spotify:artist:2G0mlnvYZDMkO0Y035GBZt,3
738,spotify:artist:0kfqVAInJjLCEMm7XafFNH,spotify:artist:08ObxLXzMyHCOExZNp6ngv,3
739,spotify:artist:0kfqVAInJjLCEMm7XafFNH,spotify:artist:3uxiidYJwANnT1qjpnypqv,3
740,spotify:artist:6vfqHxgPuMacvHwNq64Mjg,spotify:artist:0kfqVAInJjLCEMm7XafFNH,3
741,spotify:artist:6vfqHxgPuMacvHwNq64Mjg,spotify:artist:4O3lYxQaa3dj4gGaya7UYU,3
742,spotify:artist:6vfqHxgPuMacvHwNq64Mjg,spotify:artist:2Ilw96AgJxhArKIpy3b1oY,3
743,spotify:artist:6vfqHxgPuMacvHwNq64Mjg,spotify:artist:7i18353CDGvmHUn5PdKpk4,3
744,spotify:artist:6vfqHxgPuMacvHwNq64Mjg,spotify:artist:0LiuNVVtT2UwtrtdcgCWMt,3
745,spotify:artist:6vfqHxgPuMacvHwNq64Mjg,spotify:artist:4gN2o0Z6w3VjEcxxSCh4xu,3
746,spotify:artist:6vfqHxgPuMacvHwNq64Mjg,spotify:artist:3gAR7THMrV8SyRhEPn7Ivm,3
747,spotify:artist:6vfqHxgPuMacvHwNq64Mjg,spotify:artist:05dCkorwKiODi8aeqiHpQr,3
748,spotify:artist:6vfqHxgPuMacvHwNq64Mjg,spotify:artist:5ByC6rRA8btdF9QXQvou1H,3
749,spotify:artist:6vfqHxgPuMacvHwNq64Mjg,spotify:artist:4mhcV7x8zKtoh4eldoQc82,3
750,spotify:artist:6vfqHxgPuMacvHwNq64Mjg,spotify:artist:5dofQUTaaT6kFFlBLmT6vX,3
751,spotify:artist:6vfqHxgPuMacvHwNq64Mjg,spotify:artist:4dfh3QZmFehErJOs9kcxNn,3
752,spotify:artist:6vfqHxgPuMacvHwNq64Mjg,spotify:artist:1hkZbWhhCUMBmEvVkWi2pD,3
753,spotify:artist:6vfqHxgPuMacvHwNq64Mjg,spotify:artist:6wQmOG6Yw33ZSDDvdxfvWP,3
754,spotify:artist:6vfqHxgPuMacvHwNq64Mjg,spotify:artist:3N4nC51lvimXdPE0M9lEXd,3
755,spotify:artist:6vfqHxgPuMacvHwNq64Mjg,spotify:artist:3JamY45rtaJluNZPgdVSkl,3
756,spotify:artist:6vfqHxgPuMacvHwNq64Mjg,spotify:artist:6VSXq2yYD3n5MFZ5ahIUDZ,3
757,spotify:artist:6vfqHxgPuMacvHwNq64Mjg,spotify:artist:3geRfxPiAcLC93h3EcFOPm,3
758,spotify:artist:6vfqHxgPuMacvHwNq64Mjg,spotify:artist:0hJ58qGdS4sQs5MVXQeu50,3
759,spotify:artist:6vfqHxgPuMacvHwNq64Mjg,spotify:artist:08ObxLXzMyHCOExZNp6ngv,3
760,spotify:artist:0hv0KrKTLBFQ461oCwsleW,spotify:artist:7mPM9059slc3HebshlwYAi,3
761,spotify:artist:0hv0KrKTLBFQ461oCwsleW,spotify:artist:1QDFldI0D81vS1J0wcg3aA,3
762,spotify:artist:0hv0KrKTLBFQ461oCwsleW,spotify:artist:07TobptlIlx7uLSze11HvV,3
763,spotify:artist:0hv0KrKTLBFQ461oCwsleW,spotify:artist:14e9TyxL8I5U3L7KO40EpS,3
764,spotify:artist:0hv0KrKTLBFQ461oCwsleW,spotify:artist:2mDvdspJ0vtZDx7RzFkhcV,3
765,spotify:artist:0hv0KrKTLBFQ461oCwsleW,spotify:artist:4ehpJ4yVdoZODL7XkVQ6aY,3
766,spotify:artist:0hv0KrKTLBFQ461oCwsleW,spotify:artist:64nhq5mQFcxoTIy7i56Nbw,3
767,spotify:artist:0hv0KrKTLBFQ461oCwsleW,spotify:artist:1OswjnITyqikuyTIR7vTSH,3
768,spotify:artist:0hv0KrKTLBFQ461oCwsleW,spotify:artist:4gtOxVtn5xyZLsoHGRhjB3,3
769,spotify:artist:0hv0KrKTLBFQ461oCwsleW,spotify:artist:0sUKGP4ZRBx5ZOInFQ884s,3
770,spotify:artist:0hv0KrKTLBFQ461oCwsleW,spotify:artist:4O3lYxQaa3dj4gGaya7UYU,3
771,spotify:artist:0hv0KrKTLBFQ461oCwsleW,spotify:artist:3s00WLaYFyukzSwwaINbsC,3
772,spotify:artist:0hv0KrKTLBFQ461oCwsleW,spotify:artist:3HktJTPWuDaSxExKGK4eWy,3
773,spotify:artist:0hv0KrKTLBFQ461oCwsleW,spotify:artist:1FhD3HH4tovKo60xasWC2a,3
774,spotify:artist:0hv0KrKTLBFQ461oCwsleW,spotify:artist:1Sres8yZ4L80STnBA5ugKm,3
775,spotify:artist:0hv0KrKTLBFQ461oCwsleW,spotify:artist:6mDpxb7jUq1Xoc4j8DteVD,3
776,spotify:artist:0hv0KrKTLBFQ461oCwsleW,spotify:artist:78ICBVDUaTvyR1LEpQ3CdO,3
777,spotify:artist:0hv0KrKTLBFQ461oCwsleW,spotify:artist:4KlyeZnevPeCs2rdHgKlCT,3
778,spotify:artist:0hv0KrKTLBFQ461oCwsleW,spotify:artist:4LlCiLOSTdlvXO6uw5rG97,3
779,spotify:artist:0hv0KrKTLBFQ461oCwsleW,spotify:artist:6hiGTJFSTstdbiSKLcuPGK,3
780,spotify:artist:07TobptlIlx7uLSze11HvV,spotify:artist:0hv0KrKTLBFQ461oCwsleW,3
781,spotify:artist:07TobptlIlx7uLSze11HvV,spotify:artist:6mDpxb7jUq1Xoc4j8DteVD,3
782,spotify:artist:07TobptlIlx7uLSze11HvV,spotify:artist:0hYoYKP1jmhHZ1f2NaQ6yO,3
783,spotify:artist:07TobptlIlx7uLSze11HvV,spotify:artist:6ADx2yPVS5NPaDwu4PXpzy,3
784,spotify:artist:07TobptlIlx7uLSze11HvV,spotify:artist:4v7Pr4qB3tH9tJOJ5vMlNH,3
785,spotify:artist:07TobptlIlx7uLSze11HvV,spotify:artist:3AFopAlFygtUiEVX3qvnsG,3
786,spotify:artist:07TobptlIlx7uLSze11HvV,spotify:artist:4O3lYxQaa3dj4gGaya7UYU,3
787,spotify:artist:07TobptlIlx7uLSze11HvV,spotify:artist:3HktJTPWuDaSxExKGK4eWy,3
788,spotify:artist:07TobptlIlx7uLSze11HvV,spotify:artist:0sUKGP4ZRBx5ZOInFQ884s,3
789,spotify:artist:07TobptlIlx7uLSze11HvV,spotify:artist:1FhD3HH4tovKo60xasWC2a,3
790,spotify:artist:07TobptlIlx7uLSze11HvV,spotify:artist:1Sres8yZ4L80STnBA5ugKm,3
791,spotify:artist:07TobptlIlx7uLSze11HvV,spotify:artist:78ICBVDUaTvyR1LEpQ3CdO,3
792,spotify:artist:07TobptlIlx7uLSze11HvV,spotify:artist:4sSSYAMk4iB3l3wurrAIvt,3
793,spotify:artist:07TobptlIlx7uLSze11HvV,spotify:artist:1DPyrQhxHOHgD1zjEyKhbO,3
794,spotify:artist:07TobptlIlx7uLSze11HvV,spotify:artist:23m0QGLkRLdWMOzfQQ9obe,3
795,spotify:artist:07TobptlIlx7uLSze11HvV,spotify:artist:2HFjbEbq0N7gjX3tP9tOzM,3
796,spotify:artist:07TobptlIlx7uLSze11HvV,spotify:artist:3rnaTLvKFhtPXt1kRur9YB,3
797,spotify:artist:07TobptlIlx7uLSze11HvV,spotify:artist:47a0LnGXN66gjQxoXbZqmu,3
798,spotify:artist:07TobptlIlx7uLSze11HvV,spotify:artist:5lZ7S7wuBFuohGcUUSciZz,3
799,spotify:artist:07TobptlIlx7uLSze11HvV,spotify:artist:5r8RGmIODNbOvrxEiPDUMS,3
800,spotify:artist:2Ilw96AgJxhArKIpy3b1oY,spotify:artist:0kfqVAInJjLCEMm7XafFNH,3
801,spotify:artist:2Ilw96AgJxhArKIpy3b1oY,spotify:artist:6guhoJkgdjHGLR8VDuiBij,3
802,spotify:artist:2Ilw96AgJxhArKIpy3b1oY,spotify:artist:1ppiD0FZo4EJPd16jpxFCO,3
803,spotify:artist:2Ilw96AgJxhArKIpy3b1oY,spotify:artist:6vfqHxgPuMacvHwNq64Mjg,3
804,spotify:artist:2Ilw96AgJxhArKIpy3b1oY,spotify:artist:6LKu24jU4E3rlV8DTFSI2X,3
805,spotify:artist:2Ilw96AgJxhArKIpy3b1oY,spotify:artist:0CA8v6MOoW3PshEsom6x8E,3
806,spotify:artist:2Ilw96AgJxhArKIpy3b1oY,spotify:artist:6ZCOlOlt0j2f0WWLrBS4qe,3
807,spotify:artist:2Ilw96AgJxhArKIpy3b1oY,spotify:artist:6hYBRtEM8rTboQOTDFfd0R,3
808,spotify:artist:2Ilw96AgJxhArKIpy3b1oY,spotify:artist:429mpc0P2wGkdfwO6oq53K,3
809,spotify:artist:2Ilw96AgJxhArKIpy3b1oY,spotify:artist:4GfarKeZ7psDlMyQxyIwEV,3
810,spotify:artist:2Ilw96AgJxhArKIpy3b1oY,spotify:artist:6HuCVd1gfnmbI1IAbQgrbH,3
811,spotify:artist:2Ilw96AgJxhArKIpy3b1oY,spotify:artist:6S77IqGowtUH4DoN0HIY5M,3
812,spotify:artist:2Ilw96AgJxhArKIpy3b1oY,spotify:artist:25QUfZT7NDpZpVrAzPlruV,3
813,spotify:artist:2Ilw96AgJxhArKIpy3b1oY,spotify:artist:4sHA2suQiw5hIhDq95IO1H,3
814,spotify:artist:2Ilw96AgJxhArKIpy3b1oY,spotify:artist:4pfvLjTNjH9F0Wuscn529s,3
815,spotify:artist:2Ilw96AgJxhArKIpy3b1oY,spotify:artist:0nyIeVdYqgEzKHqqfqtVsV,3
816,spotify:artist:2Ilw96AgJxhArKIpy3b1oY,spotify:artist:49OkYdzD20su6cwKJqTj48,3
817,spotify:artist:2Ilw96AgJxhArKIpy3b1oY,spotify:artist:008u46cZGtvC4uWeDF3RLU,3
818,spotify:artist:2Ilw96AgJxhArKIpy3b1oY,spotify:artist:2LYG5ymNBlzplC26IUhdef,3
819,spotify:artist:2Ilw96AgJxhArKIpy3b1oY,spotify:artist:4O3lYxQaa3dj4gGaya7UYU,3
820,spotify:artist:05dCkorwKiODi8aeqiHpQr,spotify:artist:0CnOvXczUvMvqrmfwQpIW9,3
821,spotify:artist:05dCkorwKiODi8aeqiHpQr,spotify:artist:62HAEPGmhWzfHchIerPYZJ,3
822,spotify:artist:05dCkorwKiODi8aeqiHpQr,spotify:artist:7aCcrG8vNEuNPLVDNk3XhE,3
823,spotify:artist:05dCkorwKiODi8aeqiHpQr,spotify:artist:3GbOrRzsRCD3LNEwwFZ2vy,3
824,spotify:artist:05dCkorwKiODi8aeqiHpQr,spotify:artist:6FvK4VtHQKsVqKH3J3r0OV,3
825,spotify:artist:05dCkorwKiODi8aeqiHpQr,spotify:artist:14MVRoPX1LC6cm5su44CrM,3
826,spotify:artist:05dCkorwKiODi8aeqiHpQr,spotify:artist:37WXg9TB81HbPY4ORPRQbB,3
827,spotify:artist:05dCkorwKiODi8aeqiHpQr,spotify:artist:7EEghT52d3DvpgqTxlMy6n,3
828,spotify:artist:05dCkorwKiODi8aeqiHpQr,spotify:artist:4VoIuDV63tIoFLJupNb59S,3
829,spotify:artist:05dCkorwKiODi8aeqiHpQr,spotify:artist:5TU9L0iVP8fFMA9QbN0F7m,3
830,spotify:artist:05dCkorwKiODi8aeqiHpQr,spotify:artist:61VITvGJd6zOAoWsnCJdMB,3
831,spotify:artist:05dCkorwKiODi8aeqiHpQr,spotify:artist:083Zbg8ByPfv1FEZ0TRnjZ,3
832,spotify:artist:05dCkorwKiODi8aeqiHpQr,spotify:artist:0GvnpLPsbWtDOqpA7BeJaV,3
833,spotify:artist:05dCkorwKiODi8aeqiHpQr,spotify:artist:5K7in2g5UwDxatwlRqNRZX,3
834,spotify:artist:05dCkorwKiODi8aeqiHpQr,spotify:artist:6BuaFf9rDLYqRgZhnzwvy5,3
835,spotify:artist:05dCkorwKiODi8aeqiHpQr,spotify:artist:1FpUYWktSYkpryKsKQFWiK,3
836,spotify:artist:05dCkorwKiODi8aeqiHpQr,spotify:artist:3H7Mab3ekd2nFkjy9n6co4,3
837,spotify:artist:05dCkorwKiODi8aeqiHpQr,spotify:artist:1sWAcwfPuIuEdS4dSTd3HR,3
838,spotify:artist:05dCkorwKiODi8aeqiHpQr,spotify:artist:5GTUEXrVmDIiJY9nPxvxdN,3
839,spotify:artist:05dCkorwKiODi8aeqiHpQr,spotify:artist:2xI0dIjtJhMNGA5NB8GgaO,3
840,spotify:artist:1nD4EOUu97GWBm9dgUIjMG,spotify:artist:5zfaMrd5q4szVTxVYWuoDV,3
841,spotify:artist:1nD4EOUu97GWBm9dgUIjMG,spotify:artist:4d41tEOph01Q4k0skNDFby,3
842,spotify:artist:1nD4EOUu97GWBm9dgUIjMG,spotify:artist:7jkhwa4XMe9XSt1r0AWNqD,3
843,spotify:artist:1nD4EOUu97GWBm9dgUIjMG,spotify:artist:1LFHqGsLJjUP2jqIAznlLm,3
844,spotify:artist:1nD4EOUu97GWBm9dgUIjMG,spotify:artist:5m7v6OS8omwyHvXARri5Zh,3
845,spotify:artist:1nD4EOUu97GWBm9dgUIjMG,spotify:artist:2nJQCVut36kUzDfy3eUZCM,3
846,spotify:artist:1nD4EOUu97GWBm9dgUIjMG,spotify:artist:0JGGxsAD1Eg4X9AcKNcxEB,3
847,spotify:artist:1nD4EOUu97GWBm9dgUIjMG,spotify:artist:2WJmZq6fEmecdQVd3s38jE,3
848,spotify:artist:1nD4EOUu97GWBm9dgUIjMG,spotify:artist:5udgy2xk333j33hKnwDz8O,3
849,spotify:artist:1nD4EOUu97GWBm9dgUIjMG,spotify:artist:2ka8z2lwkcp13fG8Wyv3xU,3
850,spotify:artist:1nD4EOUu97GWBm9dgUIjMG,spotify:artist:6N9hyojoLChEhlsS8vYnyr,3
851,spotify:artist:1nD4EOUu97GWBm9dgUIjMG,spotify:artist:40iD7Eehimq75Ow4VUxk3r,3
852,spotify:artist:1nD4EOUu97GWBm9dgUIjMG,spotify:artist:3Fud2i8WgXSZCVmi961lXm,3
853,spotify:artist:1nD4EOUu97GWBm9dgUIjMG,spotify:artist:2aF3CvUcRbNW5PdOMjZiuG,3
854,spotify:artist:1nD4EOUu97GWBm9dgUIjMG,spotify:artist:7myKB37RtOM7sp6zU9qdJf,3
855,spotify:artist:1nD4EOUu97GWBm9dgUIjMG,spotify:artist:1cKp8EUuOryR1PEOAnGWNt,3
856,spotify:artist:1nD4EOUu97GWBm9dgUIjMG,spotify:artist:1ubUHb8iKwJ3LsVJkVvBgt,3
857,spotify:artist:1nD4EOUu97GWBm9dgUIjMG,spotify:artist:30pbA4VKv3CuflgeJ8Diq0,3
858,spotify:artist:1nD4EOUu97GWBm9dgUIjMG,spotify:artist:4YgACLaoEjPl4kVZ5WmBN9,3
859,spotify:artist:1nD4EOUu97GWBm9dgUIjMG,spotify:artist:1l5b0hxCDTDF6cXYa3h5wk,3
860,spotify:artist:4ucOu5swE2xW8ibx4yqHbE,spotify:artist:0tHEVlzpuZdDXtGF5GbEBe,3
861,spotify:artist:4ucOu5swE2xW8ibx4yqHbE,spotify:artist:4IbWDWZ2UHzqFkZf9KP5p8,3
862,spotify:artist:4ucOu5swE2xW8ibx4yqHbE,spotify:artist:7DQYAz99eM3Y5PkP9WtUew,3
863,spotify:artist:4ucOu5swE2xW8ibx4yqHbE,spotify:artist:03Wyl3Om5PhNSRwXDuuulo,3
864,spotify:artist:4ucOu5swE2xW8ibx4yqHbE,spotify:artist:1gHnHUdVwA8FUXG5f95VRr,3
865,spotify:artist:4ucOu5swE2xW8ibx4yqHbE,spotify:artist:57H6K2mTvFS2TESVHCoDKY,3
866,spotify:artist:4ucOu5swE2xW8ibx4yqHbE,spotify:artist:0LpPvbC577rSf6e0WXj12K,3
867,spotify:artist:4ucOu5swE2xW8ibx4yqHbE,spotify:artist:71subqZU6s1SEqjnwBrNDO,3
868,spotify:artist:4ucOu5swE2xW8ibx4yqHbE,spotify:artist:69EZtIpAexeay0SwCf5EKY,3
869,spotify:artist:4ucOu5swE2xW8ibx4yqHbE,spotify:artist:3Ca0H1H4ehu0dmf2o5CEo9,3
870,spotify:artist:4ucOu5swE2xW8ibx4yqHbE,spotify:artist:4ftSPWDiurQvdOlr8rI4lZ,3
871,spotify:artist:4ucOu5swE2xW8ibx4yqHbE,spotify:artist:3XMcOeSNjiIPC033PUTSbi,3
872,spotify:artist:4ucOu5swE2xW8ibx4yqHbE,spotify:artist:26VoPCfOpSe5L7kpskenXy,3
873,spotify:artist:4ucOu5swE2xW8ibx4yqHbE,spotify:artist:1rHf7vRCsDRBkbA1XGT9e1,3
874,spotify:artist:4ucOu5swE2xW8ibx4yqHbE,spotify:artist:4OkH0hQHIarB7G4ymzrlbw,3
875,spotify:artist:4ucOu5swE2xW8ibx4yqHbE,spotify:artist:2s6liBLXyxCBhrO29SE0Wk,3
876,spotify:artist:4ucOu5swE2xW8ibx4yqHbE,spotify:artist:3JPe0NXOi3T8AhEHI0Qaep,3
877,spotify:artist:4ucOu5swE2xW8ibx4yqHbE,spotify:artist:3YrpCY9NL4XTcKCvBYUwUn,3
878,spotify:artist:4ucOu5swE2xW8ibx4yqHbE,spotify:artist:6dm2qCTCfqv1fqrow7UOcj,3
879,spotify:artist:4ucOu5swE2xW8ibx4yqHbE,spotify:artist:2YvYvka36Ibxqw3mdLpkf6,3
880,spotify:artist:4NgmotTa8hSBBIvyKthdqE,spotify:artist:2d3xuaKpmsr4bvUTX6rcxD,3
881,spotify:artist:4NgmotTa8hSBBIvyKthdqE,spotify:artist:4O3lYxQaa3dj4gGaya7UYU,3
882,spotify:artist:4NgmotTa8hSBBIvyKthdqE,spotify:artist:6tnIQUPJQPPC4J7OmRPUFn,3
883,spotify:artist:4NgmotTa8hSBBIvyKthdqE,spotify:artist:5Ee0kFMnW9GOqXU0efnAV3,3
884,spotify:artist:4NgmotTa8hSBBIvyKthdqE,spotify:artist:4oMcR6xgcCbzcR21X68GYb,3
885,spotify:artist:4NgmotTa8hSBBIvyKthdqE,spotify:artist:2znINmivFLJYL7xIKBIimK,3
886,spotify:artist:4NgmotTa8hSBBIvyKthdqE,spotify:artist:0N6mQq612uzfIjL3wNMd00,3
887,spotify:artist:4NgmotTa8hSBBIvyKthdqE,spotify:artist:12UxY1cOgQK52fJjvKxl19,3
888,spotify:artist:4NgmotTa8hSBBIvyKthdqE,spotify:artist:75DCqVmXRlXvpWcWb7XLEi,3
889,spotify:artist:4NgmotTa8hSBBIvyKthdqE,spotify:artist:7mXTYQfICpLy0rSLlNJoHA,3
890,spotify:artist:4NgmotTa8hSBBIvyKthdqE,spotify:artist:2iPoru49x5qc9bEOyhr5lx,3
891,spotify:artist:4NgmotTa8hSBBIvyKthdqE,spotify:artist:45I6nuOElxTxx0C9G8RqgI,3
892,spotify:artist:4NgmotTa8hSBBIvyKthdqE,spotify:artist:1lANsobRYvCggV3piwrRrR,3
893,spotify:artist:4NgmotTa8hSBBIvyKthdqE,spotify:artist:0ZRdKg3K7rSsa3EuAp9u26,3
894,spotify:artist:4NgmotTa8hSBBIvyKthdqE,spotify:artist:1hRdVFNXUacXeVhnTbhTH1,3
895,spotify:artist:4NgmotTa8hSBBIvyKthdqE,spotify:artist:4hximLactTHu9fkA4ti1BH,3
896,spotify:artist:4NgmotTa8hSBBIvyKthdqE,spotify:artist:1qjsIL5izdxk7tGG9C3hAk,3
897,spotify:artist:4NgmotTa8hSBBIvyKthdqE,spotify:artist:2Wu0eATYASCtLX9lrxrmwq,3
898,spotify:artist:4NgmotTa8hSBBIvyKthdqE,spotify:artist:2tw7KurTCsT05Y7I4JfPF2,3
899,spotify:artist:4NgmotTa8hSBBIvyKthdqE,spotify:artist:3YcEmYimVInWKvKzUBB6rW,3
900,spotify:artist:6VSXq2yYD3n5MFZ5ahIUDZ,spotify:artist:0WVLOYe2HtqDujZIgIOrSX,3
901,spotify:artist:6VSXq2yYD3n5MFZ5ahIUDZ,spotify:artist:6WrrlbNQL3ZrupCkVeD5DO,3
902,spotify:artist:6VSXq2yYD3n5MFZ5ahIUDZ,spotify:artist:0YpGpWAZUVTsDmez6uOEU8,3
903,spotify:artist:6VSXq2yYD3n5MFZ5ahIUDZ,spotify:artist:3BxLMYkG1Y4BT1ocuGT0At,3
904,spotify:artist:6VSXq2yYD3n5MFZ5ahIUDZ,spotify:artist:6JrmofdhxBatsnpTA10CHB,3
905,spotify:artist:6VSXq2yYD3n5MFZ5ahIUDZ,spotify:artist:0bene1BaDgeo5bbwKDqcKw,3
906,spotify:artist:6VSXq2yYD3n5MFZ5ahIUDZ,spotify:artist:3Wx4kV3ZVzFuite9PuBQip,3
907,spotify:artist:6VSXq2yYD3n5MFZ5ahIUDZ,spotify:artist:6HWUXnbMgWLWzkQAiTb4MZ,3
908,spotify:artist:6VSXq2yYD3n5MFZ5ahIUDZ,spotify:artist:76TF9jq4MhpkMBwTsSJ2oW,3
909,spotify:artist:6VSXq2yYD3n5MFZ5ahIUDZ,spotify:artist:6hg70ulbsTWaH4nl3i5S4H,3
910,spotify:artist:6VSXq2yYD3n5MFZ5ahIUDZ,spotify:artist:7lPJLYJvHtFBy8gOYfMe3R,3
911,spotify:artist:6VSXq2yYD3n5MFZ5ahIUDZ,spotify:artist:7iEy8zKFtlYIINaxxLIyBk,3
912,spotify:artist:6VSXq2yYD3n5MFZ5ahIUDZ,spotify:artist:2hIvOHaLTl9XCyCbNPwYzT,3
913,spotify:artist:6VSXq2yYD3n5MFZ5ahIUDZ,spotify:artist:5zhKRxsS4pRPhkO6vbE07u,3
914,spotify:artist:6VSXq2yYD3n5MFZ5ahIUDZ,spotify:artist:1aoAseexNuwSuXVAGPfLex,3
915,spotify:artist:6VSXq2yYD3n5MFZ5ahIUDZ,spotify:artist:6ruMOwHKTLjGkGxpG32RTM,3
916,spotify:artist:6VSXq2yYD3n5MFZ5ahIUDZ,spotify:artist:2bEFxVGVlzEIEdDAaQZCrc,3
917,spotify:artist:6VSXq2yYD3n5MFZ5ahIUDZ,spotify:artist:4gzyIFii6fWdCiLsP0bocC,3
918,spotify:artist:6VSXq2yYD3n5MFZ5ahIUDZ,spotify:artist:3NVq1zLqcRpWY9EPCRxsbw,3
919,spotify:artist:6VSXq2yYD3n5MFZ5ahIUDZ,spotify:artist:4x0DaBFhtHy0ol0ia4UJaP,3
920,spotify:artist:3HktJTPWuDaSxExKGK4eWy,spotify:artist:1lV2Dr9FR5FFhU3LRuRvlG,3
921,spotify:artist:3HktJTPWuDaSxExKGK4eWy,spotify:artist:5F2tBYdsm7ECucmdbWpjTu,3
922,spotify:artist:3HktJTPWuDaSxExKGK4eWy,spotify:artist:6AQxkjJQfz7CNjwZ5CTqJX,3
923,spotify:artist:3HktJTPWuDaSxExKGK4eWy,spotify:artist:272kCcxSu5qzcJzhd0jD3a,3
924,spotify:artist:3HktJTPWuDaSxExKGK4eWy,spotify:artist:2kcMP5TxF0dbaX0Y8iskU6,3
925,spotify:artist:3HktJTPWuDaSxExKGK4eWy,spotify:artist:010pX1PGduGTasourCpphK,3
926,spotify:artist:3HktJTPWuDaSxExKGK4eWy,spotify:artist:5LWT7lnBdBwAWKsN0xWIIi,3
927,spotify:artist:3HktJTPWuDaSxExKGK4eWy,spotify:artist:1gclt3LWH3iD2JwrVb6Lst,3
928,spotify:artist:3HktJTPWuDaSxExKGK4eWy,spotify:artist:3bUSBNtSEtOM68iZtk1YV0,3
929,spotify:artist:3HktJTPWuDaSxExKGK4eWy,spotify:artist:4OAmUQMp9sTuvo55MxGUq4,3
930,spotify:artist:3HktJTPWuDaSxExKGK4eWy,spotify:artist:5DXud95iAtgp0CQAwK0yWA,3
931,spotify:artist:3HktJTPWuDaSxExKGK4eWy,spotify:artist:5eW72pXN4o65oLTUmVRBKA,3
932,spotify:artist:3HktJTPWuDaSxExKGK4eWy,spotify:artist:2pv4JFYRY9xDvPbhTKms4P,3
933,spotify:artist:3HktJTPWuDaSxExKGK4eWy,spotify:artist:6pjcvtswA4LuOf8tBE21Wl,3
934,spotify:artist:3HktJTPWuDaSxExKGK4eWy,spotify:artist:1xv8LIJ3qAL2EioqhUjqtY,3
935,spotify:artist:3HktJTPWuDaSxExKGK4eWy,spotify:artist:0A1HmlpMHsKQXyXkwoS26h,3
936,spotify:artist:3HktJTPWuDaSxExKGK4eWy,spotify:artist:6qcl5VuS7y4ysTErQXuvpH,3
937,spotify:artist:3HktJTPWuDaSxExKGK4eWy,spotify:artist:6CHT9lhBkAXb2Fw6b1hJND,3
938,spotify:artist:3HktJTPWuDaSxExKGK4eWy,spotify:artist:7mKMQWOBVDivOhswm33WDL,3
939,spotify:artist:3HktJTPWuDaSxExKGK4eWy,spotify:artist:154zecpg1RTgPQiQK2Nwz0,3
940,spotify:artist:0sUKGP4ZRBx5ZOInFQ884s,spotify:artist:5uvzQDbBgs6tUNaXEE0l4n,3
941,spotify:artist:0sUKGP4ZRBx5ZOInFQ884s,spotify:artist:1eYHpRVy3Nz98eqJubecyl,3
942,spotify:artist:0sUKGP4ZRBx5ZOInFQ884s,spotify:artist:2SplW3szlfoS7jBFrb9AbW,3
943,spotify:artist:0sUKGP4ZRBx5ZOInFQ884s,spotify:artist:7uakDElVJ5zUrKIbCFPmoi,3
944,spotify:artist:0sUKGP4ZRBx5ZOInFQ884s,spotify:artist:6XeB8MPMctVxIy3mkYamde,3
945,spotify:artist:0sUKGP4ZRBx5ZOInFQ884s,spotify:artist:1FhD3HH4tovKo60xasWC2a,3
946,spotify:artist:0sUKGP4ZRBx5ZOInFQ884s,spotify:artist:3bVMMeRJdl5RYjqzPngrtb,3
947,spotify:artist:0sUKGP4ZRBx5ZOInFQ884s,spotify:artist:0wPzA7V62obFKYZkDYiGi4,3
948,spotify:artist:0sUKGP4ZRBx5ZOInFQ884s,spotify:artist:1PnRqGtHGVeNR08ZZmgSE8,3
949,spotify:artist:0sUKGP4ZRBx5ZOInFQ884s,spotify:artist:7GGGM1uftzJ9ivTZOFkPhc,3
950,spotify:artist:0sUKGP4ZRBx5ZOInFQ884s,spotify:artist:0hv0KrKTLBFQ461oCwsleW,3
951,spotify:artist:0sUKGP4ZRBx5ZOInFQ884s,spotify:artist:1LNhpYbwI8qRuSxPFQUet9,3
952,spotify:artist:0sUKGP4ZRBx5ZOInFQ884s,spotify:artist:26DtXixzWxDzBZ4txTTe6X,3
953,spotify:artist:0sUKGP4ZRBx5ZOInFQ884s,spotify:artist:18xrcSWgCwVHBqgBc8vAyb,3
954,spotify:artist:0sUKGP4ZRBx5ZOInFQ884s,spotify:artist:3qwhI51aDTglvvFHC2CoA2,3
955,spotify:artist:0sUKGP4ZRBx5ZOInFQ884s,spotify:artist:4hQK68Kvt56cGqjy8SFBLL,3
956,spotify:artist:0sUKGP4ZRBx5ZOInFQ884s,spotify:artist:07TobptlIlx7uLSze11HvV,3
957,spotify:artist:0sUKGP4ZRBx5ZOInFQ884s,spotify:artist:0gse2FrhnaZNutLiVkr4hW,3
958,spotify:artist:0sUKGP4ZRBx5ZOInFQ884s,spotify:artist:0HjPCMFNPmiuD5mLCycpZS,3
959,spotify:artist:0sUKGP4ZRBx5ZOInFQ884s,spotify:artist:2Lnmtl4tMEf3lcA8nLcvaV,3
960,spotify:artist:2G0mlnvYZDMkO0Y035GBZt,spotify:artist:2o9MGi1ch2ooYWqu0e9l3y,3
961,spotify:artist:2G0mlnvYZDMkO0Y035GBZt,spotify:artist:0oZ9W2ul2WbXflo60EAqUT,3
962,spotify:artist:2G0mlnvYZDMkO0Y035GBZt,spotify:artist:2PE4urJkkOhh5u7ze2vrap,3
963,spotify:artist:2G0mlnvYZDMkO0Y035GBZt,spotify:artist:3iOR5mimHl3NT4Ut9EvVUv,3
964,spotify:artist:2G0mlnvYZDMkO0Y035GBZt,spotify:artist:4E8nQMm50evj1mOFE8rqOj,3
965,spotify:artist:2G0mlnvYZDMkO0Y035GBZt,spotify:artist:3fEnLSlxAsgL2LpLlv0XJQ,3
966,spotify:artist:2G0mlnvYZDMkO0Y035GBZt,spotify:artist:06c2fzGBhKOSrbEG4wBu5U,3
967,spotify:artist:2G0mlnvYZDMkO0Y035GBZt,spotify:artist:2ju6WLE4g8LtddQwVOWl20,3
968,spotify:artist:2G0mlnvYZDMkO0Y035GBZt,spotify:artist:4E6QcuXdYcoKLdH731jtzz,3
969,spotify:artist:2G0mlnvYZDMkO0Y035GBZt,spotify:artist:5oO8FWVbfY83dqWrVrbM6J,3
970,spotify:artist:2G0mlnvYZDMkO0Y035GBZt,spotify:artist:6OCcrLBIO5JCdDMUU6h35w,3
971,spotify:artist:2G0mlnvYZDMkO0Y035GBZt,spotify:artist:40pKzFK6Z2CnPOaaMqC7lG,3
972,spotify:artist:2G0mlnvYZDMkO0Y035GBZt,spotify:artist:4tw6cyhpVCq4wRHcM5o8XN,3
973,spotify:artist:2G0mlnvYZDMkO0Y035GBZt,spotify:artist:7JCiEoZpn0yghisiVNvl4X,3
974,spotify:artist:2G0mlnvYZDMkO0Y035GBZt,spotify:artist:0KTaoq3cNbY5EyXHaGVPNr,3
975,spotify:artist:2G0mlnvYZDMkO0Y035GBZt,spotify:artist:5t5JR8OaTz7lsKo9xFKnl3,3
976,spotify:artist:2G0mlnvYZDMkO0Y035GBZt,spotify:artist:7ooehj86xYi05XJoVNxJGO,3
977,spotify:artist:2G0mlnvYZDMkO0Y035GBZt,spotify:artist:3lBD383C0a92MbCRj9dEHZ,3
978,spotify:artist:2G0mlnvYZDMkO0Y035GBZt,spotify:artist:7bYgUzgUILyzwkf6RHZf9J,3
979,spotify:artist:2G0mlnvYZDMkO0Y035GBZt,spotify:artist:69k2JfIQxMpBbc1wtmHWZY,3
980,spotify:artist:3gQzMl6m3bnUN81bAsPue1,spotify:artist:1qXuwKQR0iK6HBmJO3n0SZ,3
981,spotify:artist:3gQzMl6m3bnUN81bAsPue1,spotify:artist:61XyQHQKfzbzgTmtbiVOR3,3
982,spotify:artist:3gQzMl6m3bnUN81bAsPue1,spotify:artist:1KiDbdT8AHOwmlA0LwhpQc,3
983,spotify:artist:3gQzMl6m3bnUN81bAsPue1,spotify:artist:4tHZV2ZowPkzOvX4eG1inY,3
984,spotify:artist:3gQzMl6m3bnUN81bAsPue1,spotify:artist:6AMV5iw09ZrX1h3o4x7uVN,3
985,spotify:artist:3gQzMl6m3bnUN81bAsPue1,spotify:artist:0GklSybv01PPje5GlXFq2i,3
986,spotify:artist:3gQzMl6m3bnUN81bAsPue1,spotify:artist:4LuEEQLErHvNdZDxEWf6W1,3
987,spotify:artist:3gQzMl6m3bnUN81bAsPue1,spotify:artist:2S8ft2HNlQ2Ox9ltQZM1A5,3
988,spotify:artist:3gQzMl6m3bnUN81bAsPue1,spotify:artist:6E8ghf5EmMGSLx5yAjpMDl,3
989,spotify:artist:3gQzMl6m3bnUN81bAsPue1,spotify:artist:2SHS7BBj7Rv0UjsWwlkFEt,3
990,spotify:artist:3gQzMl6m3bnUN81bAsPue1,spotify:artist:2JMtxA2S9SNUlqBlkDtXm6,3
991,spotify:artist:3gQzMl6m3bnUN81bAsPue1,spotify:artist:3yQxGz288i3AqOxq7LYHUU,3
992,spotify:artist:3gQzMl6m3bnUN81bAsPue1,spotify:artist:6GwNGuDRNbx5XwoHQA3QiD,3
993,spotify:artist:3gQzMl6m3bnUN81bAsPue1,spotify:artist:0iidQFemlPhkoHqFroz2my,3
994,spotify:artist:3gQzMl6m3bnUN81bAsPue1,spotify:artist:5qgwXZgnJnxS83T5CtqkLg,3
995,spotify:artist:3gQzMl6m3bnUN81bAsPue1,spotify:artist:4WCpgJFxAdAsm4FSD9CAfX,3
996,spotify:artist:3gQzMl6m3bnUN81bAsPue1,spotify:artist:6Yuow6YoiBaVPFNjZ5BQi7,3
997,spotify:artist:3gQzMl6m3bnUN81bAsPue1,spotify:artist:1dIS2M2CNnqd2ks8Okqi7A,3
998,spotify:artist:3gQzMl6m3bnUN81bAsPue1,spotify:artist:1whTajjCTeh30qVZD4jSov,3
999,spotify:artist:3gQzMl6m3bnUN81bAsPue1,spotify:artist:5jum8G9CQDNNd4ZtgM6KT7,3
1000,spotify:artist:07ib7Dg8x1mpU8OtQZwgqF,spotify:artist:5go2Dp0YYg6wVACWesgaIy,3
1001,spotify:artist:07ib7Dg8x1mpU8OtQZwgqF,spotify:artist:6GzGdwtpgdU0zKmmHpV8fX,3
1002,spotify:artist:07ib7Dg8x1mpU8OtQZwgqF,spotify:artist:6uk8elAPcrgI8XdDA0xfOv,3
1003,spotify:artist:07ib7Dg8x1mpU8OtQZwgqF,spotify:artist:3jKpTjAyV9Yb2FutLG6krZ,3
1004,spotify:artist:07ib7Dg8x1mpU8OtQZwgqF,spotify:artist:4kPysgNmz5ShoRDnH7rmow,3
1005,spotify:artist:07ib7Dg8x1mpU8OtQZwgqF,spotify:artist:4phuMKLz1zrLdq4xDX9KiY,3
1006,spotify:artist:07ib7Dg8x1mpU8OtQZwgqF,spotify:artist:5yABZi5POIRzeKW8xmaqYT,3
1007,spotify:artist:07ib7Dg8x1mpU8OtQZwgqF,spotify:artist:27mhNHWifq9A5gEdb2Rq2I,3
1008,spotify:artist:07ib7Dg8x1mpU8OtQZwgqF,spotify:artist:0HjPCMFNPmiuD5mLCycpZS,3
1009,spotify:artist:07ib7Dg8x1mpU8OtQZwgqF,spotify:artist:3E4mmCuCc6mOiKun6XCNGB,3
1010,spotify:artist:07ib7Dg8x1mpU8OtQZwgqF,spotify:artist:7jP0WRiz1AJ8YceSeLMNxd,3
1011,spotify:artist:07ib7Dg8x1mpU8OtQZwgqF,spotify:artist:2XEG86ZtVFoFh5BoSeAVFM,3
1012,spotify:artist:07ib7Dg8x1mpU8OtQZwgqF,spotify:artist:1UFmab3kufN4YYyyFv7ajR,3
1013,spotify:artist:07ib7Dg8x1mpU8OtQZwgqF,spotify:artist:1TadFfSbpbsyY7UheI6mIP,3
1014,spotify:artist:07ib7Dg8x1mpU8OtQZwgqF,spotify:artist:2VYJ4eA2D7A3W3vKYTsSzH,3
1015,spotify:artist:07ib7Dg8x1mpU8OtQZwgqF,spotify:artist:4oTRd0NV1R4J9IlmIv9pG3,3
1016,spotify:artist:07ib7Dg8x1mpU8OtQZwgqF,spotify:artist:2sTJ29yAza02z5qEouWzC3,3
1017,spotify:artist:07ib7Dg8x1mpU8OtQZwgqF,spotify:artist:4j27PB7ehffCoVCvrhXqsx,3
1018,spotify:artist:07ib7Dg8x1mpU8OtQZwgqF,spotify:artist:1a2N2MTn0aVZN3teoblWwk,3
1019,spotify:artist:07ib7Dg8x1mpU8OtQZwgqF,spotify:artist:55BLDsYEUkGf9tG0BbtlXk,3
1020,spotify:artist:0izzaOWIa9n6AEfU1ca0G2,spotify:artist:2bvMIOEPcMmFDfp3LlAAs3,3
1021,spotify:artist:0izzaOWIa9n6AEfU1ca0G2,spotify:artist:3UHyuBA5qay3xcxFr3Z1Y9,3
1022,spotify:artist:0izzaOWIa9n6AEfU1ca0G2,spotify:artist:4WCpgJFxAdAsm4FSD9CAfX,3
1023,spotify:artist:0izzaOWIa9n6AEfU1ca0G2,spotify:artist:4U8xRWxrA8FlGbiXILq8tV,3
1024,spotify:artist:0izzaOWIa9n6AEfU1ca0G2,spotify:artist:0iFBiDNiS0JpYjIrj2lsA5,3
1025,spotify:artist:0izzaOWIa9n6AEfU1ca0G2,spotify:artist:1Ep9lOZuPcClsgR25odHK6,3
1026,spotify:artist:0izzaOWIa9n6AEfU1ca0G2,spotify:artist:3FId81QFGhtF2UJwKVmWQ0,3
1027,spotify:artist:0izzaOWIa9n6AEfU1ca0G2,spotify:artist:4whxiyaLOGBIvIXhxXnqGy,3
1028,spotify:artist:0izzaOWIa9n6AEfU1ca0G2,spotify:artist:5Gq3NgJrIhvlE5kNno8Lxv,3
1029,spotify:artist:0izzaOWIa9n6AEfU1ca0G2,spotify:artist:7rrTqtOUOwva4sgTx9C9F9,3
1030,spotify:artist:0izzaOWIa9n6AEfU1ca0G2,spotify:artist:1Yf1BDHJI0AkxbQ5xbU0Xq,3
1031,spotify:artist:0izzaOWIa9n6AEfU1ca0G2,spotify:artist:7yxWwRa7SLFLvYmiKrgUi7,3
1032,spotify:artist:0izzaOWIa9n6AEfU1ca0G2,spotify:artist:3PQlRV57w12SlfS0pSZb2a,3
1033,spotify:artist:0izzaOWIa9n6AEfU1ca0G2,spotify:artist:7FQLTeXHh1ckany6jXXcKj,3
1034,spotify:artist:0izzaOWIa9n6AEfU1ca0G2,spotify:artist:1ym6NwCrOI8Bbf3VprM6Ni,3
1035,spotify:artist:0izzaOWIa9n6AEfU1ca0G2,spotify:artist:6liakFizypeRFld6qqYv5s,3
1036,spotify:artist:0izzaOWIa9n6AEfU1ca0G2,spotify:artist:3FIEwtZZiLVuEDJ2cEaneq,3
1037,spotify:artist:0izzaOWIa9n6AEfU1ca0G2,spotify:artist:6n1pH8SgKcxx6dILhKqYFb,3
1038,spotify:artist:0izzaOWIa9n6AEfU1ca0G2,spotify:artist:6vOsKIbke88Qei4JqPvlqf,3
1039,spotify:artist:0izzaOWIa9n6AEfU1ca0G2,spotify:artist:4esLZ8cHaY0jchCxXDVVSQ,3
1040,spotify:artist:1eJEB18LdtPqjCJgSNUEGy,spotify:artist:3Ul9H89mLJe3l9WZoVaUvG,3
1041,spotify:artist:1eJEB18LdtPqjCJgSNUEGy,spotify:artist:3b5m0W0Na4vkvStOKOe4El,3
1042,spotify:artist:1eJEB18LdtPqjCJgSNUEGy,spotify:artist:2wfUus9ndQRBntDugGk5bn,3
1043,spotify:artist:1eJEB18LdtPqjCJgSNUEGy,spotify:artist:69APTdcqAgiLyRm7kqvRCX,3
1044,spotify:artist:1eJEB18LdtPqjCJgSNUEGy,spotify:artist:7EQj8P4wvNjljnTZIHVpPd,3
1045,spotify:artist:1eJEB18LdtPqjCJgSNUEGy,spotify:artist:2scavaz2jGMWRFULHoe5je,3
1046,spotify:artist:1eJEB18LdtPqjCJgSNUEGy,spotify:artist:4XzsOuqFltgBcdHF3RZQbh,3
1047,spotify:artist:1eJEB18LdtPqjCJgSNUEGy,spotify:artist:11He5Xxqqr896ZhKD0a7uR,3
1048,spotify:artist:1eJEB18LdtPqjCJgSNUEGy,spotify:artist:47b78nUF0Hz5WdDIYmCjvU,3
1049,spotify:artist:1eJEB18LdtPqjCJgSNUEGy,spotify:artist:3hUMzQQLZ4wFTgV39MxWKC,3
1050,spotify:artist:1eJEB18LdtPqjCJgSNUEGy,spotify:artist:0HTQh8E6Edb1xfn0o4ZpFw,3
1051,spotify:artist:1eJEB18LdtPqjCJgSNUEGy,spotify:artist:6TvAZ5Pw8n6KwJjfmH0h2F,3
1052,spotify:artist:1eJEB18LdtPqjCJgSNUEGy,spotify:artist:1gvkBwGCdDJgii8h6b8odC,3
1053,spotify:artist:1eJEB18LdtPqjCJgSNUEGy,spotify:artist:7px8GPCFd83A8CWTstThGQ,3
1054,spotify:artist:1eJEB18LdtPqjCJgSNUEGy,spotify:artist:1Pv7Pz9LKcQBJUDCgJHVwA,3
1055,spotify:artist:1eJEB18LdtPqjCJgSNUEGy,spotify:artist:2wHuSfI5SnRFuRsaCKJRL3,3
1056,spotify:artist:1eJEB18LdtPqjCJgSNUEGy,spotify:artist:68MHAPLIwh1JcUqfhb2MWn,3
1057,spotify:artist:1eJEB18LdtPqjCJgSNUEGy,spotify:artist:5be0yFrKF7g7rFkjxk3fra,3
1058,spotify:artist:1eJEB18LdtPqjCJgSNUEGy,spotify:artist:3EgzG2wFz3CwxnDRXkJXAE,3
1059,spotify:artist:1eJEB18LdtPqjCJgSNUEGy,spotify:artist:3ziQtmoC7Y5e2y4k3zfFy6,3
1060,spotify:artist:5Q2wZO9HtA0UQPMCxQcHiu,spotify:artist:5e1SaJPn6U7YpOrNTkW1jH,3
1061,spotify:artist:5Q2wZO9HtA0UQPMCxQcHiu,spotify:artist:11nbBcaBk8uXBPQsc3Sq9p,3
1062,spotify:artist:5Q2wZO9HtA0UQPMCxQcHiu,spotify:artist:3LE4OOntA2Yq3x1TTuQURx,3
1063,spotify:artist:5Q2wZO9HtA0UQPMCxQcHiu,spotify:artist:6ps9u0MZquDDBReh8XuBeY,3
1064,spotify:artist:5Q2wZO9HtA0UQPMCxQcHiu,spotify:artist:6vUNwmljZAcn7tNtUoxG45,3
1065,spotify:artist:5Q2wZO9HtA0UQPMCxQcHiu,spotify:artist:1I7oHjCjMrMUz66v67yJJu,3
1066,spotify:artist:5Q2wZO9HtA0UQPMCxQcHiu,spotify:artist:68MHAPLIwh1JcUqfhb2MWn,3
1067,spotify:artist:5Q2wZO9HtA0UQPMCxQcHiu,spotify:artist:2g84j7g5nypsaX8wm1BgMk,3
1068,spotify:artist:5Q2wZO9HtA0UQPMCxQcHiu,spotify:artist:6TdfKQvrdHZdr4DIzjuWOr,3
1069,spotify:artist:5Q2wZO9HtA0UQPMCxQcHiu,spotify:artist:4XzsOuqFltgBcdHF3RZQbh,3
1070,spotify:artist:5Q2wZO9HtA0UQPMCxQcHiu,spotify:artist:0LWZC1UccfSpUQvkRPXf7T,3
1071,spotify:artist:5Q2wZO9HtA0UQPMCxQcHiu,spotify:artist:2lDf4hYD0RvgNtYgblvb4i,3
1072,spotify:artist:5Q2wZO9HtA0UQPMCxQcHiu,spotify:artist:2tT6zyEbGIc7bpJHMdOrEs,3
1073,spotify:artist:5Q2wZO9HtA0UQPMCxQcHiu,spotify:artist:1KiDbdT8AHOwmlA0LwhpQc,3
1074,spotify:artist:5Q2wZO9HtA0UQPMCxQcHiu,spotify:artist:0vmdDdgcMsM2yWhq7kFXrr,3
1075,spotify:artist:5Q2wZO9HtA0UQPMCxQcHiu,spotify:artist:0Uj91EMXf9p6ha6pGl7XIp,3
1076,spotify:artist:5Q2wZO9HtA0UQPMCxQcHiu,spotify:artist:3AKIOaRG1CUS6JYtgavz1z,3
1077,spotify:artist:5Q2wZO9HtA0UQPMCxQcHiu,spotify:artist:5Ul7YrRYtvl8da6i7Ziakt,3
1078,spotify:artist:5Q2wZO9HtA0UQPMCxQcHiu,spotify:artist:2wqUiS4h7BwhfqWQ5bsrGp,3
1079,spotify:artist:5Q2wZO9HtA0UQPMCxQcHiu,spotify:artist:2TymD9jXPOjgmwvWcZ0qM0,3
